Time,header.seq,header.frame_id,child_frame_id,pose.x,pose.y,pose.z,orientation.x,orientation.y,orientation.z,orientation.w,linear.x,linear.y,linear.z,angular.x,angular.y,angular.z
0.127,1,,,-0.5018053371631033,-0.999967861452845,0.0,0.0,0.0,-0.01779914384392318,0.9998415826911898,-0.015046860042268058,0.0,0.0
0.24600000000000002,2,,,-0.5085764186504019,-0.999648738046995,0.0,0.0,0.0,-0.02929122099366916,0.9995709201315833,-0.056488312616047524,0.0,0.0
0.36400000000000005,3,,,-0.5062789794945676,-0.9998303491362749,0.0,0.0,0.0,-0.049569584030575965,0.9987706725465239,0.019205050808659807,0.0,0.0
0.48700000000000004,4,,,-0.4834893692418482,-1.0020375695607997,0.0,0.0,0.0,-0.046943741297541614,0.9988975348618043,0.1908020639361952,0.0,0.0
0.61,5,,,-0.4349132818798296,-1.0066390824621478,0.0,0.0,0.0,-0.047467273429551926,0.9988727936795376,0.40661288787027405,0.0,0.0
0.7290000000000001,6,,,-0.39806284727918684,-1.0101989123471182,0.0,0.0,0.0,-0.04879878446355006,0.9988086296357676,0.30851649054005403,0.0,0.0
0.8490000000000001,7,,,-0.3607058023719525,-1.0138903495311289,0.0,0.0,0.0,-0.04965666638498349,0.998766346791646,0.3128248880813333,0.0,0.0
0.9710000000000001,8,,,-0.3372591829122879,-1.0162283790946063,0.0,0.0,0.0,-0.049691005378391495,0.9987646389337603,0.19635751589999753,0.0,0.0
1.091,9,,,-0.2913867050550748,-1.020917202564846,0.0,0.0,0.0,-0.052125439029318224,0.9986405452443842,0.384262396812204,0.0,0.0
1.213,10,,,-0.2549718496145181,-1.024666875206443,0.0,0.0,0.0,-0.050438840220818994,0.9987271516270991,0.30506166745382335,0.0,0.0
1.334,11,,,-0.22841693521312217,-1.0275010201383632,0.0,0.0,0.0,-0.055835903989564555,0.9984399590489496,0.22254772527491984,0.0,0.0
1.455,12,,,-0.19274827403665235,-1.0314287434579503,0.0,0.0,0.0,-0.05378413142723749,0.9985525860998096,0.299035533075019,0.0,0.0
1.576,13,,,-0.18241746173883958,-1.0325165423903744,0.0,0.0,0.0,-0.05107763699533775,0.9986946855766143,0.08656604304823753,0.0,0.0
1.6960000000000002,14,,,-0.16999811082838323,-1.0338358639566814,0.0,0.0,0.0,-0.054706999114390746,0.9985024507971415,0.10407692348570013,0.0,0.0
1.818,15,,,-0.14781373109117807,-1.036172920391493,0.0,0.0,0.0,-0.050204360028733706,0.9987389660136954,0.18589284120159366,0.0,0.0
1.939,16,,,-0.11868384603264617,-1.0392516080146355,0.0,0.0,0.0,-0.05504408158728277,0.9984839252998581,0.24410103227684843,0.0,0.0
2.061,17,,,-0.09052725113366449,-1.0423017721513608,0.0,0.0,0.0,-0.052811302359885466,0.9986045094746232,0.23601102516124461,0.0,0.0
2.18,18,,,-0.061442495865306396,-1.0453661884230718,0.0,0.0,0.0,-0.05211479726935465,0.9986411006490641,0.24371454672460838,0.0,0.0
2.301,19,,,-0.024965758020632688,-1.0490702468130946,0.0,0.0,0.0,-0.049040786481505665,0.9987967767575521,0.3055360103737716,0.0,0.0
2.422,20,,,0.013418309622950896,-1.0528077565135516,0.0,0.0,0.0,-0.04798648793234209,0.9988479849185857,0.3213800134260636,0.0,0.0
2.541,21,,,0.05896956242219312,-1.0572803821874164,0.0,0.0,0.0,-0.049849534413477864,0.9987567391105602,0.3814192258306638,0.0,0.0
2.6630000000000003,22,,,0.07638940054862295,-1.0590651931397521,0.0,0.0,0.0,-0.05220829040735121,0.9986362172546827,0.14592528303291308,0.0,0.0
2.787,23,,,0.09527919681668162,-1.0610068255409824,0.0,0.0,0.0,-0.050174539204466385,0.9987404645930891,0.1582443476764544,0.0,0.0
2.908,24,,,0.1336551730504616,-1.0650142082917398,0.0,0.0,0.0,-0.053825517865912095,0.9985503560794851,0.3215386909074338,0.0,0.0
3.028,25,,,0.153949667818057,-1.0671480053698201,0.0,0.0,0.0,-0.05088325612420893,0.9987046081030156,0.17005301621079133,0.0,0.0
3.148,26,,,0.17124565043917386,-1.068826500577158,0.0,0.0,0.0,-0.04582115044508274,0.9989496594783388,0.14481030719124152,0.0,0.0
3.269,27,,,0.18064008374755117,-1.0697459638813274,0.0,0.0,0.0,-0.05170221332147387,0.9986625461774667,0.0786610123114716,0.0,0.0
3.391,28,,,0.20339623428578263,-1.0720091869946944,0.0,0.0,0.0,-0.04738643408671314,0.9988766319543898,0.19057015443785383,0.0,0.0
3.51,29,,,0.2259239527702608,-1.074291578989854,0.0,0.0,0.0,-0.05354049637653111,0.998565678985491,0.18869202813481473,0.0,0.0
3.632,30,,,0.24113983690513202,-1.0759529716169005,0.0,0.0,0.0,-0.05516308329538549,0.9984773579011926,0.12755264584863846,0.0,0.0
3.7560000000000002,31,,,0.26634550598124673,-1.078674373910195,0.0,0.0,0.0,-0.05233622653730659,0.9986295205890099,0.21126796176376633,0.0,0.0
3.874,32,,,0.2898602133553632,-1.0811827965396454,0.0,0.0,0.0,-0.053886472114955064,0.9985470685566125,0.1970676785498992,0.0,0.0
3.997,33,,,0.32398841705169984,-1.0847965569681879,0.0,0.0,0.0,-0.051559239563695416,0.9986699378751788,0.28599164128878235,0.0,0.0
4.115,34,,,0.3528843100365998,-1.087817123967005,0.0,0.0,0.0,-0.05254815062925261,0.9986183915117153,0.24211115106799128,0.0,0.0
4.235,35,,,0.3725353682549449,-1.0898350457817538,0.0,0.0,0.0,-0.049736127079830036,0.9987623929960013,0.1646199532153162,0.0,0.0
4.36,36,,,0.407914504927411,-1.0934677789162688,0.0,0.0,0.0,-0.05254064379117698,0.9986187864996375,0.29637626958766006,0.0,0.0
4.48,37,,,0.42511037105645616,-1.0953168465196068,0.0,0.0,0.0,-0.05452628070050445,0.9985123357840753,0.144124960954451,0.0,0.0
4.604,38,,,0.4715495890160914,-1.1004190021430988,0.0,0.0,0.0,-0.05484762690964037,0.9984947360013376,0.3893221456644619,0.0,0.0
4.72,39,,,0.48943317616236437,-1.1023603786536327,0.0,0.0,0.0,-0.05323255264488778,0.9985821425095229,0.14990544055939098,0.0,0.0
4.8420000000000005,40,,,0.5140757502105726,-1.104923380693877,0.0,0.0,0.0,-0.05035542825694128,0.9987313606996929,0.20646250587437262,0.0,0.0
4.963,41,,,0.49295349737868627,-1.1024391027624283,0.0,0.0,0.0,-0.06665020540693747,0.9977764028675027,-0.17723203590499306,0.0,0.0
5.087,42,,,0.5188607890632535,-1.106145252666928,0.0,0.0,0.0,-0.07531923240567943,0.9971594723161482,0.21809199599784584,0.0,0.0
5.204,43,,,0.540577170112415,-1.1095021449868285,0.0,0.0,0.0,-0.07789534576657664,0.9969615414387385,0.18311918021085763,0.0,0.0
5.326,44,,,0.5777040090039414,-1.1152769622960421,0.0,0.0,0.0,-0.0762580086849265,0.9970881185288538,0.31311059026858806,0.0,0.0
5.447,45,,,0.6334073794786821,-1.1238022933702971,0.0,0.0,0.0,-0.07546633628768305,0.9971483500900528,0.4695999148338248,0.0,0.0
5.567,46,,,0.653341395392414,-1.1269370378466572,0.0,0.0,0.0,-0.08035378291525243,0.9967664067228633,0.1681582450362739,0.0,0.0
5.688,47,,,0.6732432397739289,-1.1301568106501334,0.0,0.0,0.0,-0.07986725527675058,0.9968055083789206,0.1680051145658386,0.0,0.0
5.812,48,,,0.710328275489908,-1.1361606457123143,0.0,0.0,0.0,-0.08046170089172541,0.9967577010937064,0.3130657001410626,0.0,0.0
5.933,49,,,0.7298114588980782,-1.1393607930330654,0.0,0.0,0.0,-0.0821566517898787,0.9966194281503229,0.16453541044722111,0.0,0.0
6.053,50,,,0.7544657820668237,-1.1434001748105096,0.0,0.0,0.0,-0.08006270510087742,0.9967898290271274,0.2081919947316405,0.0,0.0
6.173,51,,,0.7726149632132069,-1.1463511111105114,0.0,0.0,0.0,-0.08094571486673162,0.9967185115390974,0.15322931284400465,0.0,0.0
6.296,52,,,0.7752037741585457,-1.1467754743997167,0.0,0.0,0.0,-0.08135271546804927,0.9966853744717912,0.021861347028124978,0.0,0.0
6.415,53,,,0.7968952871303823,-1.1503652757839478,0.0,0.0,0.0,-0.08247037399607136,0.99659351664204,0.18322125532201938,0.0,0.0
6.538,54,,,0.8094844038584782,-1.152437586196589,0.0,0.0,0.0,-0.08049682771446492,0.9967548649130877,0.10632116258716576,0.0,0.0
6.658,55,,,0.8302773538817586,-1.1557832696610622,0.0,0.0,0.0,-0.07887124190939022,0.9968848113998279,0.17550331757609122,0.0,0.0
6.7780000000000005,56,,,0.8581158313399803,-1.1602541395432255,0.0,0.0,0.0,-0.08020112297389012,0.9967787015550277,0.23496002980045363,0.0,0.0
6.899,57,,,0.8946674591885903,-1.1662210084546731,0.0,0.0,0.0,-0.08143996450003985,0.9966782490765173,0.3086288024595513,0.0,0.0
7.022,58,,,0.9336301469004311,-1.1725140166743033,0.0,0.0,0.0,-0.0785196713596026,0.9969125644757317,0.3288968288695864,0.0,0.0
7.143,59,,,0.9564418803698511,-1.1761179774211055,0.0,0.0,0.0,-0.0780121147333988,0.9969524110782937,0.19245557152242782,0.0,0.0
7.261,60,,,0.9755016095106755,-1.179147528513456,0.0,0.0,0.0,-0.07945636451886763,0.996838345037672,0.1608250116030956,0.0,0.0
7.384,61,,,0.9965162345026484,-1.1824689305400644,0.0,0.0,0.0,-0.07713832862350647,0.9970204001208661,0.17729569129305883,0.0,0.0
7.504,62,,,1.0069312140911275,-1.184084481993296,0.0,0.0,0.0,-0.07660144475199718,0.9970617928001788,0.08782946161868166,0.0,0.0
7.626,63,,,1.0401368321468394,-1.1892943879323004,0.0,0.0,0.0,-0.07887099804899333,0.9968848306934737,0.28009871652130325,0.0,0.0
7.748,64,,,1.0583067235332513,-1.1921776826523405,0.0,0.0,0.0,-0.07833976780089545,0.9969267178588914,0.15331031109698284,0.0,0.0
7.867,65,,,1.086414973477683,-1.1963988995736734,0.0,0.0,0.0,-0.0705843347351834,0.9975058153665028,0.23686206535127394,0.0,0.0
7.992,66,,,1.104518084360622,-1.198871351318277,0.0,0.0,0.0,-0.0650472288489131,0.9978821864424062,0.1522597472863626,0.0,0.0
8.108,67,,,1.1365031427399195,-1.203058243746301,0.0,0.0,0.0,-0.06502233648111047,0.997883808746558,0.2688160807301004,0.0,0.0
8.234,68,,,1.1583645887955796,-1.2057786108429678,0.0,0.0,0.0,-0.05869836070738183,0.9982757647315025,0.18358377227689268,0.0,0.0
8.352,69,,,1.194594713891868,-1.2101230917394665,0.0,0.0,0.0,-0.0605744215947105,0.998163683695448,0.3040806360929923,0.0,0.0
8.47,70,,,1.2265477125514868,-1.2140922677627568,0.0,0.0,0.0,-0.06293299329801504,0.9980177545287218,0.2683214906348166,0.0,0.0
8.592,71,,,1.2726391798078203,-1.2198048412974836,0.0,0.0,0.0,-0.060299892500194234,0.9981803058388123,0.3870343842598446,0.0,0.0
8.714,72,,,1.2963278885995853,-1.2226534717240167,0.0,0.0,0.0,-0.05930668303251226,0.9982398095386104,0.1988280977810312,0.0,0.0
8.835,73,,,1.3078498196395103,-1.2240319422105368,0.0,0.0,0.0,-0.05969586273945836,0.9982166117490691,0.09670081141614686,0.0,0.0
8.957,74,,,1.3452304371294341,-1.2284302745598057,0.0,0.0,0.0,-0.05736203108226838,0.9983534431202794,0.3136540791158564,0.0,0.0
9.077,75,,,1.375775798923325,-1.2319734175178416,0.0,0.0,0.0,-0.05805382366283054,0.998313454561304,0.2562514212888457,0.0,0.0
9.199,76,,,1.4019313170136891,-1.2350139960681692,0.0,0.0,0.0,-0.057612118727596265,0.9983390424979469,0.21943048831262388,0.0,0.0
9.319,77,,,1.4408654768890394,-1.239421315510996,0.0,0.0,0.0,-0.05504758745824986,0.9984837320232245,0.32652348795369696,0.0,0.0
9.439,78,,,1.4875465716151768,-1.2444265155908436,0.0,0.0,0.0,-0.051714558720462524,0.9986619069616843,0.39123882950595346,0.0,0.0
9.559,79,,,1.491462147374456,-1.2448440355168575,0.0,0.0,0.0,-0.054464534011424356,0.9985157057026787,0.03281477522828488,0.0,0.0
9.686,80,,,1.4870989276094149,-1.2443533351997644,0.0,0.0,0.0,-0.05746914076316036,0.9983472831935508,-0.03658938211121637,0.0,0.0
9.802,81,,,1.5200085740742566,-1.247986962990569,0.0,0.0,0.0,-0.05244193141753209,0.9986239751924639,0.27591364406919044,0.0,0.0
9.926,82,,,1.5400701099585954,-1.250165827390077,0.0,0.0,0.0,-0.05569017644426853,0.998448097923776,0.1681625933001175,0.0,0.0
10.043,83,,,1.5541747376869763,-1.2517302439930944,0.0,0.0,0.0,-0.054717281351468396,0.9985018873900561,0.11825934384742144,0.0,0.0
10.168,84,,,1.582823861549401,-1.2550748261929467,0.0,0.0,0.0,-0.06143351935818855,0.9981111775244614,0.2403640942195991,0.0,0.0
10.287,85,,,1.607530763421919,-1.2582062269027359,0.0,0.0,0.0,-0.06455262342537375,0.9979143043412605,0.20753792667838983,0.0,0.0
10.408,86,,,1.649702541298383,-1.2636295509828093,0.0,0.0,0.0,-0.0632589987331766,0.9979971438232055,0.3543255813415236,0.0,0.0
10.529,87,,,1.6852611869428802,-1.2680899711989468,0.0,0.0,0.0,-0.061446644652832484,0.9981103695788901,0.2986442314601203,0.0,0.0
10.651,88,,,1.718075298889048,-1.272282795882765,0.0,0.0,0.0,-0.0655539885403861,0.9978490239442273,0.27567413855815753,0.0,0.0
10.771,89,,,1.7617915450331865,-1.277830652431156,0.0,0.0,0.0,-0.06059311770773718,0.9981625489300109,0.36722390320412746,0.0,0.0
10.892,90,,,1.7938612970269445,-1.2817871811729797,0.0,0.0,0.0,-0.06208210760168095,0.9980710455251837,0.26927411588921446,0.0,0.0
11.013,91,,,1.834080831545825,-1.286900830463647,0.0,0.0,0.0,-0.0642984384548181,0.9979307144347608,0.3378609557429079,0.0,0.0
11.135,92,,,1.8658945320235818,-1.2911154991804261,0.0,0.0,0.0,-0.0673189157699557,0.9977315087635339,0.26743054270644784,0.0,0.0
11.26,93,,,1.9007244461370567,-1.2960522352197539,0.0,0.0,0.0,-0.07336466926842555,0.9973051816285396,0.2931503074687622,0.0,0.0
11.376,94,,,1.9356451751089048,-1.3012738029641802,0.0,0.0,0.0,-0.07492572553283582,0.997189117295901,0.29424126552160806,0.0,0.0
11.498,95,,,1.9765198254001992,-1.3071155245580435,0.0,0.0,0.0,-0.06691061919276024,0.9977589734195536,0.3440831968611812,0.0,0.0
11.618,96,,,1.9971766490765046,-1.3098103978162465,0.0,0.0,0.0,-0.06272472253132354,0.998030865847028,0.1735988963802108,0.0,0.0
11.74,97,,,2.013573958599895,-1.3119008253088853,0.0,0.0,0.0,-0.06399231851155116,0.9979503911375135,0.1377501882202421,0.0,0.0
11.861,98,,,2.0077704267064664,-1.3111318987728362,0.0,0.0,0.0,-0.06763789534376027,0.9977099353587026,-0.04878540769411294,0.0,0.0
11.981,99,,,2.0422078442163545,-1.3158512691423825,0.0,0.0,0.0,-0.06845042933384167,0.9976545187207908,0.2896607428234032,0.0,0.0
12.102,100,,,2.099024888471774,-1.3235731886020712,0.0,0.0,0.0,-0.06652769414324856,0.9977845789106897,0.47782817097433955,0.0,0.0
12.223,101,,,2.144942451609229,-1.3296501546133728,0.0,0.0,0.0,-0.06495783248511862,0.9978880097480054,0.3859828832187074,0.0,0.0
12.346,102,,,2.1974243880556568,-1.3364666261204328,0.0,0.0,0.0,-0.06411159785112928,0.9979427353415501,0.4410229536239061,0.0,0.0
12.469,103,,,2.2207571838208424,-1.3394971800053492,0.0,0.0,0.0,-0.06495943434644452,0.9978879054730496,0.1960731891180449,0.0,0.0
12.587,104,,,2.274513133773738,-1.3464321848062146,0.0,0.0,0.0,-0.06325295250329163,0.9979975270508521,0.4516786934842706,0.0,0.0
12.708,105,,,2.3069225858127305,-1.3505487562226932,0.0,0.0,0.0,-0.0630041125884848,0.9980132673451478,0.27224870442691207,0.0,0.0
12.829,106,,,2.3542494467552513,-1.3563964055998772,0.0,0.0,0.0,-0.05985403453900197,0.998207140101394,0.39738963963379476,0.0,0.0
12.949,107,,,2.4028681366159517,-1.3624814121242341,0.0,0.0,0.0,-0.06457553405395262,0.9979128220449153,0.4083166925327256,0.0,0.0
13.07,108,,,2.429665231951078,-1.3658488059405072,0.0,0.0,0.0,-0.060350196750602124,0.9981772656959101,0.2250653700584887,0.0,0.0
13.196,109,,,2.479278716545685,-1.3716842475795434,0.0,0.0,0.0,-0.0566628822388797,0.99839336825541,0.4162956875779123,0.0,0.0
13.31,110,,,2.510771670153846,-1.3752100327054595,0.0,0.0,0.0,-0.05476980822520865,0.998499007564341,0.2640808598443012,0.0,0.0
13.435,111,,,2.5338571951251656,-1.3776587023828553,0.0,0.0,0.0,-0.05085518541789027,0.9987060378890837,0.19345855255038719,0.0,0.0
13.554,112,,,2.567110112542283,-1.3811402882948942,0.0,0.0,0.0,-0.05341751398827817,0.9985722653865929,0.27862234959765064,0.0,0.0
13.676,113,,,2.5948143634938257,-1.3839892790827675,0.0,0.0,0.0,-0.04901305481327211,0.9987981379927934,0.23208629101876965,0.0,0.0
13.796,114,,,2.648529649373822,-1.3890080765864188,0.0,0.0,0.0,-0.04411582897035951,0.9990264228909354,0.44957698215721065,0.0,0.0
13.918,115,,,2.695467188516453,-1.3930233277317559,0.0,0.0,0.0,-0.04119499197367116,0.9991511260246315,0.3925747294859694,0.0,0.0
14.039,116,,,2.7244102647728634,-1.3952224459001221,0.0,0.0,0.0,-0.03462152003900992,0.9994004954722548,0.24188751172101658,0.0,0.0
14.159,117,,,2.7532083352505796,-1.3973707359847758,0.0,0.0,0.0,-0.03982151340810593,0.9992068089589302,0.24065074011349946,0.0,0.0
14.281,118,,,2.7792329541615084,-1.399474397947424,0.0,0.0,0.0,-0.040814779876331884,0.9991667297021286,0.21757919744443927,0.0,0.0
14.401,119,,,2.809226300931439,-1.4019598539748368,0.0,0.0,0.0,-0.041839672414040706,0.999124337513748,0.25080126347113296,0.0,0.0
14.521,120,,,2.8445971934936716,-1.4050556717752753,0.0,0.0,0.0,-0.04543443850183335,0.998967322687796,0.29588428299554004,0.0,0.0
14.642,121,,,2.882450104231242,-1.40874868332794,0.0,0.0,0.0,-0.05178111412214393,0.9986584582429918,0.31693860972708043,0.0,0.0
14.765,122,,,2.9109267718090304,-1.4116374550171837,0.0,0.0,0.0,-0.04927337357838993,0.9987853296160314,0.2385234670216564,0.0,0.0
14.883,123,,,2.968860945657843,-1.417396868412061,0.0,0.0,0.0,-0.04977358014597628,0.9987605272133316,0.4851645870645286,0.0,0.0
15.005,124,,,3.0054757890751196,-1.4208495620060815,0.0,0.0,0.0,-0.04421105951866429,0.9990222130744827,0.30647727978209044,0.0,0.0
15.128,125,,,3.0556700638678187,-1.425636271251205,0.0,0.0,0.0,-0.050828744049935565,0.998707383961041,0.4201833104731328,0.0,0.0
15.247,126,,,3.097049409600631,-1.4300243675538113,0.0,0.0,0.0,-0.054772633432150386,0.9984988525916829,0.3467613695200591,0.0,0.0
15.367,127,,,3.1378400608733985,-1.4342929514541232,0.0,0.0,0.0,-0.04944640784581018,0.9987767782398357,0.34177823785746686,0.0,0.0
15.49,128,,,3.1604146670937525,-1.436476368616105,0.0,0.0,0.0,-0.0469363092560251,0.9988978841069905,0.18899958783525186,0.0,0.0
15.61,129,,,3.2137856241408826,-1.441588764678851,0.0,0.0,0.0,-0.04852585011342401,0.9988219270073968,0.446793797954832,0.0,0.0
15.732,130,,,3.2653068689862534,-1.4468837173323397,0.0,0.0,0.0,-0.05384170099435931,0.99854948361813,0.43160514313974097,0.0,0.0
15.852,131,,,3.319582425378598,-1.452804708939025,0.0,0.0,0.0,-0.0547664498042026,0.9984991917752581,0.45497971286465566,0.0,0.0
15.972,132,,,3.3555241527696054,-1.4566745554202305,0.0,0.0,0.0,-0.052438895608943825,0.9986241346108726,0.3012455024603851,0.0,0.0
16.094,133,,,3.4161386832000655,-1.463028122620409,0.0,0.0,0.0,-0.0519514798183592,0.9986496100958947,0.5078884060686095,0.0,0.0
16.214,134,,,3.452887192476965,-1.4668012247896667,0.0,0.0,0.0,-0.050318949809534184,0.9987331992529664,0.3078475039661631,0.0,0.0
16.336,135,,,3.471765099456451,-1.4686239135356425,0.0,0.0,0.0,-0.04589672741642177,0.9989461899484189,0.15804745379834703,0.0,0.0
16.457,136,,,3.505401661352538,-1.4717614404433959,0.0,0.0,0.0,-0.04707789265395319,0.998891221316547,0.28152145804417406,0.0,0.0
16.579,137,,,3.5653489247892423,-1.4770966989044467,0.0,0.0,0.0,-0.04165796847882822,0.9991319300583967,0.50153510016165,0.0,0.0
16.703,138,,,3.5964372035800105,-1.479742008717975,0.0,0.0,0.0,-0.043202312147004394,0.9990663442560523,0.2600051738510428,0.0,0.0
16.823,139,,,3.639314553197468,-1.4835165747222507,0.0,0.0,0.0,-0.044574812443738274,0.9990060490785857,0.3586930809219376,0.0,0.0
16.941,140,,,3.660869851152896,-1.485440067964385,0.0,0.0,0.0,-0.04439537275199431,0.9990140393799336,0.18034124601398366,0.0,0.0
17.063,141,,,3.700829674427263,-1.4890334198192954,0.0,0.0,0.0,-0.045257468032001966,0.9989753558458448,0.33434218724482717,0.0,0.0
17.184,142,,,3.7239481031256476,-1.4912432243145375,0.0,0.0,0.0,-0.050002953091202444,0.998749069928057,0.1935316837018976,0.0,0.0
17.303,143,,,3.748750423090599,-1.4938702577200629,0.0,0.0,0.0,-0.05547310470980797,0.9984601818068934,0.20784215100206094,0.0,0.0
17.425,144,,,3.8013120659793658,-1.4997596669362834,0.0,0.0,0.0,-0.056051269269865686,0.9984278918445924,0.44075467509356325,0.0,0.0
17.546,145,,,3.8244178977140204,-1.5024161865193,0.0,0.0,0.0,-0.0583553852904831,0.9982958724784948,0.1938170236125359,0.0,0.0
17.667,146,,,3.890530493618179,-1.5101279196426427,0.0,0.0,0.0,-0.05770006835714617,0.9983339632165084,0.5546737132059536,0.0,0.0
17.788,147,,,3.905408294357431,-1.5118703125726363,0.0,0.0,0.0,-0.05881644678609417,0.9982688142917511,0.12482901860572332,0.0,0.0
17.911,148,,,3.9299735921292163,-1.5147970277853493,0.0,0.0,0.0,-0.05969535196443848,0.9982166422945682,0.20615856837921576,0.0,0.0
18.033,149,,,3.966525650546396,-1.5191204815479569,0.0,0.0,0.0,-0.057971673818536386,0.9983182283393793,0.3067238654730298,0.0,0.0
18.154,150,,,3.9766861527936403,-1.5202718233489776,0.0,0.0,0.0,-0.05480247696376204,0.9984972150780573,0.08521272150845183,0.0,0.0
18.273,151,,,4.016011880187415,-1.5245102295538815,0.0,0.0,0.0,-0.052508403605229945,0.9986204822407911,0.3296122429595676,0.0,0.0
18.394,152,,,4.051090887417279,-1.5282035901767639,0.0,0.0,0.0,-0.052343945585001564,0.9986291160188523,0.2939408553655311,0.0,0.0
18.518,153,,,4.077178757806743,-1.5308362557671653,0.0,0.0,0.0,-0.04818827290525019,0.9988382703693371,0.21850310027808573,0.0,0.0
18.635,154,,,4.094653019271761,-1.532540921638768,0.0,0.0,0.0,-0.049018660918621046,0.9987978628740378,0.14631010148768625,0.0,0.0
18.757,155,,,4.156292325717999,-1.538494671757448,0.0,0.0,0.0,-0.04723554455826589,0.9988837786901358,0.516051464356514,0.0,0.0
18.877,156,,,4.177517297569751,-1.540530335659083,0.0,0.0,0.0,-0.04834446946335385,0.9988307225312539,0.17768639618957985,0.0,0.0
18.999,157,,,4.220329906045156,-1.5445850589483616,0.0,0.0,0.0,-0.04604736004449093,0.9989392577293842,0.35836823719745065,0.0,0.0
19.124,158,,,4.267586889846021,-1.5488366217370182,0.0,0.0,0.0,-0.04364778814482982,0.9990469811725893,0.3953987354646288,0.0,0.0
19.242,159,,,4.292610458451078,-1.5509838701812013,0.0,0.0,0.0,-0.04192540670143466,0.9991207435905428,0.20929605254761963,0.0,0.0
19.362,160,,,4.31871172839736,-1.5531943918013695,0.0,0.0,0.0,-0.04253804509429586,0.9990948477094432,0.21828922878989798,0.0,0.0
19.482,161,,,4.361480346709894,-1.556914317791724,0.0,0.0,0.0,-0.0441943054446629,0.9990229543740543,0.35775074362615333,0.0,0.0
19.605,162,,,4.397239164957303,-1.5600322988921114,0.0,0.0,0.0,-0.04275303176087758,0.9990856711389937,0.2991208052816314,0.0,0.0
19.724,163,,,4.444303990219258,-1.5637868906211883,0.0,0.0,0.0,-0.03683191383831709,0.9993214748633228,0.39345290696515933,0.0,0.0
19.844,164,,,4.466900358274615,-1.5655378297481457,0.0,0.0,0.0,-0.04048179294283549,0.9991802762465507,0.18886753829651576,0.0,0.0
19.966,165,,,4.492002961970822,-1.5677432433603091,0.0,0.0,0.0,-0.04712065516522736,0.9988892049956289,0.2099941403827926,0.0,0.0
20.092,166,,,4.526641168812896,-1.5710720996277088,0.0,0.0,0.0,-0.048652034019907475,0.9988157886145602,0.2899816394191691,0.0,0.0
20.208,167,,,4.558203259747305,-1.5740092145523366,0.0,0.0,0.0,-0.044105515975144886,0.9990268782473103,0.2641538151753527,0.0,0.0
20.33,168,,,4.592470826859435,-1.577085945083768,0.0,0.0,0.0,-0.04540994118136445,0.9989684365593865,0.2867117729226625,0.0,0.0
20.45,169,,,4.622944172829379,-1.580026049490351,0.0,0.0,0.0,-0.050736118720555966,0.9987120937773677,0.2551237483672154,0.0,0.0
20.572,170,,,4.643178836880407,-1.5821679046893233,0.0,0.0,0.0,-0.054672911421995284,0.9985043178457681,0.16956422352429645,0.0,0.0
20.694,171,,,4.669968763503629,-1.5850866670105381,0.0,0.0,0.0,-0.053795788306338924,0.9985519581676757,0.22457047612630776,0.0,0.0
20.814,172,,,4.716547540376109,-1.5900794885193312,0.0,0.0,0.0,-0.052936655774308956,0.9985978722566118,0.3903800428886641,0.0,0.0
20.935,173,,,4.7308845149363306,-1.5916391032436246,0.0,0.0,0.0,-0.055366878202451654,0.9984660779406153,0.12017962182496875,0.0,0.0
21.058,174,,,4.755445322156125,-1.5943204840607788,0.0,0.0,0.0,-0.05332198861290246,0.9985773708283027,0.20588950892922991,0.0,0.0
21.179,175,,,4.761300730168577,-1.59494528685574,0.0,0.0,0.0,-0.05293097919826053,0.9985981731613138,0.0490720710939517,0.0,0.0
21.297,176,,,4.80828593841512,-1.5997528114634905,0.0,0.0,0.0,-0.04898976711397531,0.9987992804953949,0.39358767260869393,0.0,0.0
21.42,177,,,4.827201199127168,-1.601792556058578,0.0,0.0,0.0,-0.05837822799501929,0.9982945369459665,0.15854101419443167,0.0,0.0
21.543,178,,,4.844994079070783,-1.6039549342387571,0.0,0.0,0.0,-0.06248528683280656,0.9980458851823507,0.14936496504693603,0.0,0.0
21.663,179,,,4.88629458452266,-1.6093725445898104,0.0,0.0,0.0,-0.06785250337516487,0.9976953632175121,0.3471193211131135,0.0,0.0
21.782,180,,,4.908456633502628,-1.6123571860415116,0.0,0.0,0.0,-0.06591558865169733,0.9978252027147341,0.1863510165255861,0.0,0.0
21.901,181,,,4.945532354960543,-1.6172931445339125,0.0,0.0,0.0,-0.06634136478687826,0.9977969850216096,0.31169037430592605,0.0,0.0
22.026,182,,,4.964188121174695,-1.619791396020305,0.0,0.0,0.0,-0.06668148913561717,0.9977743126612634,0.1568524770299855,0.0,0.0
22.145,183,,,4.9803530066225346,-1.6219649706445907,0.0,0.0,0.0,-0.06688007367155334,0.997761021360169,0.13591969345421592,0.0,0.0
22.265,184,,,5.030050729467652,-1.628699996976516,0.0,0.0,0.0,-0.06771731182440632,0.9977045482903624,0.4179334273543163,0.0,0.0
22.388,185,,,5.0999176484509725,-1.6380983582389552,0.0,0.0,0.0,-0.06589840599737701,0.9978263376394736,0.5874684130185446,0.0,0.0
22.508,186,,,5.1281629103733275,-1.6420179072266956,0.0,0.0,0.0,-0.07187954953596326,0.9974133197218228,0.23763266548068396,0.0,0.0
22.631,187,,,5.158059779928586,-1.646258683696666,0.0,0.0,0.0,-0.0689105720191162,0.9976228410897569,0.25163451702380935,0.0,0.0
22.75,188,,,5.213756055101613,-1.653916876771181,0.0,0.0,0.0,-0.06762549533780778,0.9977107759167063,0.4685025635317691,0.0,0.0
22.87,189,,,5.230203186586156,-1.6561635186974082,0.0,0.0,0.0,-0.06802786728191917,0.9976834213682583,0.13833221234850196,0.0,0.0
22.991,190,,,5.255280969313142,-1.6596164082049751,0.0,0.0,0.0,-0.06869229335102271,0.9976378946462374,0.21095313336361604,0.0,0.0
23.114,191,,,5.2907239330206055,-1.6644431123914214,0.0,0.0,0.0,-0.06655401844690789,0.9977828233781982,0.2980842477005873,0.0,0.0
23.233,192,,,5.322103281056159,-1.668755733964035,0.0,0.0,0.0,-0.0699190517004954,0.9975526683886438,0.26395261937579506,0.0,0.0
23.355,193,,,5.353048305229002,-1.6730368129570006,0.0,0.0,0.0,-0.06744467658958132,0.9977230154705898,0.26033127378638254,0.0,0.0
23.48,194,,,5.385906597916369,-1.677562821730301,0.0,0.0,0.0,-0.06933033787050609,0.9975937571229891,0.276404513568712,0.0,0.0
23.598,195,,,5.430900595174441,-1.6838377251428471,0.0,0.0,0.0,-0.06912599625574439,0.9976079373389382,0.37857868348602064,0.0,0.0
23.718,196,,,5.464354052852663,-1.688483221440871,0.0,0.0,0.0,-0.06874662291408576,0.9976341523012875,0.28145387258784177,0.0,0.0
23.842,197,,,5.497731283299127,-1.6929614057227769,0.0,0.0,0.0,-0.06452660354528623,0.9979159871627017,0.28063589087244306,0.0,0.0
23.961,198,,,5.519833478815105,-1.695798760131599,0.0,0.0,0.0,-0.0630626747705514,0.9980095686168463,0.18569644185766437,0.0,0.0
24.08,199,,,5.569052807768912,-1.7021634872367208,0.0,0.0,0.0,-0.06544855807029162,0.9978559446365591,0.4135762134004808,0.0,0.0
24.201,200,,,5.603888140982909,-1.706484733054381,0.0,0.0,0.0,-0.05788956090666224,0.9983229931931017,0.29251942071648573,0.0,0.0
24.322,201,,,5.634282979491017,-1.7101513230688052,0.0,0.0,0.0,-0.06208999611520856,0.9980705548118396,0.25512661484433763,0.0,0.0
24.443,202,,,5.694626265961555,-1.7180457890944356,0.0,0.0,0.0,-0.06790485868099502,0.9976918011928905,0.5071457997607276,0.0,0.0
24.569,203,,,5.720705415763119,-1.7216762420369356,0.0,0.0,0.0,-0.07030488563868033,0.9975255500764539,0.21942194305278992,0.0,0.0
24.687,204,,,5.762304795217083,-1.7275509138196965,0.0,0.0,0.0,-0.06987255096817668,0.9975559265631173,0.3501011896888289,0.0,0.0
24.809,205,,,5.7708274326401945,-1.7287309489742557,0.0,0.0,0.0,-0.06760303481125442,0.9977122980520529,0.07169952328788612,0.0,0.0
24.927,206,,,5.802041253421763,-1.733107187003682,0.0,0.0,0.0,-0.0715780917448026,0.9974349987754453,0.26265921984395124,0.0,0.0
25.051,207,,,5.843375376061837,-1.7391132876195647,0.0,0.0,0.0,-0.07259295309721076,0.9973616511379542,0.34806837401347734,0.0,0.0
25.171,208,,,5.860676818223652,-1.7416023683882664,0.0,0.0,0.0,-0.0701705369399463,0.9975350097843984,0.14566309681737824,0.0,0.0
25.293,209,,,5.88516642341109,-1.7449590285952503,0.0,0.0,0.0,-0.06593977823188037,0.9978236044746238,0.20598812162047372,0.0,0.0
25.413,210,,,5.897287826615675,-1.7465810474552874,0.0,0.0,0.0,-0.06698635695818685,0.9977538914890136,0.10191205387164165,0.0,0.0
25.533,211,,,5.927231456184931,-1.7506754410955492,0.0,0.0,0.0,-0.06880301194407124,0.9976302649516122,0.2518521682596709,0.0,0.0
25.654,212,,,5.962915068394644,-1.7556148241105425,0.0,0.0,0.0,-0.06863614157896786,0.9976417593851772,0.3001987402934119,0.0,0.0
25.774,213,,,6.0003040471639295,-1.7606926236341285,0.0,0.0,0.0,-0.06624551049925763,0.9978033535415146,0.3144350954723522,0.0,0.0
25.895,214,,,6.027292225492181,-1.764337778330732,0.0,0.0,0.0,-0.06790607641783837,0.9976917183105886,0.22694359955229704,0.0,0.0
26.015,215,,,6.056712949111959,-1.7683439921775617,0.0,0.0,0.0,-0.06732805981834553,0.9977308917544336,0.24743527881295663,0.0,0.0
26.14,216,,,6.0870031628393155,-1.7724657770315873,0.0,0.0,0.0,-0.06781464599772043,0.9976979371474133,0.25474471944584337,0.0,0.0
26.26,217,,,6.126817661647224,-1.777908291609035,0.0,0.0,0.0,-0.06793568342338846,0.9976897027221425,0.3348730356678619,0.0,0.0
26.38,218,,,6.193946329303543,-1.7872387085924613,0.0,0.0,0.0,-0.07006269697884679,0.9975425898136131,0.5647833103646633,0.0,0.0
26.5,219,,,6.240076420873816,-1.7936237048345707,0.0,0.0,0.0,-0.06736773217292108,0.9977282138247257,0.38808231562509987,0.0,0.0
26.621,220,,,6.269743078714858,-1.7975809707709254,0.0,0.0,0.0,-0.06514326114734281,0.9978759219096777,0.24941188339723658,0.0,0.0
26.745,221,,,6.32227969802043,-1.8043516682864054,0.0,0.0,0.0,-0.06293825416039568,0.998017422775395,0.4414259338358202,0.0,0.0
26.865,222,,,6.36469673592012,-1.8098058981918685,0.0,0.0,0.0,-0.06485864335777855,0.9978944615448011,0.3563855714794123,0.0,0.0
26.985,223,,,6.419823687411914,-1.8171399696495816,0.0,0.0,0.0,-0.06730786002776402,0.997732254654766,0.46343894067173,0.0,0.0
27.106,224,,,6.457690831700466,-1.8221876970491198,0.0,0.0,0.0,-0.06511485564841989,0.9978777758693123,0.31835080323682624,0.0,0.0
27.228,225,,,6.479145802518502,-1.824967195742312,0.0,0.0,0.0,-0.06362881750875349,0.9979736337110504,0.1802855346750591,0.0,0.0
27.35,226,,,6.508122813663921,-1.8285706419137968,0.0,0.0,0.0,-0.0600122940087901,0.9981976380295651,0.24333504554656046,0.0,0.0
27.47,227,,,6.533442296641778,-1.8315656022277158,0.0,0.0,0.0,-0.05765932171898389,0.9983363173895392,0.21246666495854433,0.0,0.0
27.59,228,,,6.579181663462809,-1.8368517247798268,0.0,0.0,0.0,-0.05733728486029022,0.9983548646472605,0.3836984464850713,0.0,0.0
27.712,229,,,6.597885931365742,-1.8389881860243513,0.0,0.0,0.0,-0.05633171044870161,0.9984121084992528,0.15688241005828535,0.0,0.0
27.832,230,,,6.636621927194788,-1.8433396059369835,0.0,0.0,0.0,-0.055476282096797135,0.9984600052704748,0.32483032195927586,0.0,0.0
27.954,231,,,6.666025236678924,-1.846645284470862,0.0,0.0,0.0,-0.056420530196406624,0.9984070932101576,0.24657122579112326,0.0,0.0
28.075,232,,,6.70151398059861,-1.8508197820682661,0.0,0.0,0.0,-0.0606030490302237,0.998161946002872,0.2977785081962657,0.0,0.0
28.196,233,,,6.734843208911182,-1.8549303483250283,0.0,0.0,0.0,-0.062032434169912484,0.9980741340756986,0.2798479516311326,0.0,0.0
28.318,234,,,6.760708813005169,-1.8579610325025242,0.0,0.0,0.0,-0.054539243907252205,0.9985116278111263,0.21702126779589023,0.0,0.0
28.439,235,,,6.773264232435565,-1.8593969837966522,0.0,0.0,0.0,-0.059273179157533294,0.9982417994817483,0.10531055700227535,0.0,0.0
28.56,236,,,6.807649167074383,-1.8632937929550903,0.0,0.0,0.0,-0.053513978029991055,0.9985671004771816,0.2883753403568151,0.0,0.0
28.678,237,,,6.831354523539231,-1.8658797930701327,0.0,0.0,0.0,-0.05509213986062879,0.9984812747996714,0.19871659777328626,0.0,0.0
28.802,238,,,6.8696038424624675,-1.8702228188237389,0.0,0.0,0.0,-0.05790849755289803,0.9983218949372823,0.3207924509437479,0.0,0.0
28.921,239,,,6.912590382302946,-1.8754940082416447,0.0,0.0,0.0,-0.06403030551615864,0.9979479545424739,0.36090434687436856,0.0,0.0
29.043,240,,,6.952514514327729,-1.8807096438452509,0.0,0.0,0.0,-0.0657813377413508,0.9978340621591139,0.3355281049539949,0.0,0.0
29.165,241,,,6.976909292175349,-1.8839781606494626,0.0,0.0,0.0,-0.06731125182505454,0.9977320258354665,0.20510640672285152,0.0,0.0
29.285,242,,,7.02657820993818,-1.8907899173295195,0.0,0.0,0.0,-0.06887625401693026,0.9976252110049121,0.4177819590806629,0.0,0.0
29.406,243,,,7.049907720966237,-1.8940320535406636,0.0,0.0,0.0,-0.06910109224357495,0.9976096626690947,0.196280965713381,0.0,0.0
29.527,244,,,7.064990343245551,-1.8961632792231524,0.0,0.0,0.0,-0.07115765769005863,0.9974650809687848,0.1269371065096359,0.0,0.0
29.65,245,,,7.080013928745429,-1.8983291682047507,0.0,0.0,0.0,-0.0718994802929626,0.9974118831924963,0.1264908858027499,0.0,0.0
