"(0.0, 0.5148054957389832, 1.0147761106491089, 0.0, 0.0, 0.5285034775733948, 0.6988970041275024, 0.0, 0.0, 0.0, 0.0, 0.0, 0.0, 0.0, 0.0, 0.0, 0.0, 0.0, 0.0, 0.0, 0.5096395611763, 0.0, 0.46485745906829834, 0.9876227974891663, 0.0, 0.6971085667610168, 0.5234014391899109, 0.6905852556228638, 0.0, 0.0, 0.0, 1.0092722177505493, 0.0, 0.0, 0.0, 0.0, 0.0, 0.0, 0.0, 0.0, 0.0, 0.48876047134399414, 0.0, 0.4853094518184662, 1.0063741207122803, 0.0, 0.7489916682243347, 0.5412455201148987, 0.7045506834983826, 0.0, 0.0, 0.0, 0.0, 0.0, 0.0, 0.0, 0.0, 0.0, 0.0, 0.0, 0.0, 0.0, 0.5008324384689331, 0.0, 0.49238914251327515, 0.0, 0.0, 0.7382327318191528, 0.5331748127937317, 0.7349911332130432, 0.0, 0.0, 0.0, 0.0, 0.0, 0.0, 0.0, 0.0, 0.0, 0.0, 0.0, 0.0, 0.995849072933197, 0.5061014294624329, 0.0, 0.0, 0.0, 0.0, 0.6969126462936401, 0.5001133680343628, 0.0, 0.0, 0.0, 0.0, 0.0, 0.0, 0.0, 0.0, 0.0, 0.0, 0.5538352727890015, 0.7697667479515076, 0.0, 0.0, 0.0, 0.0, 0.5114842057228088, 0.0, 0.0, 0.0, 0.5609924793243408, 0.737349271774292, 0.0, 0.0, 0.0, 0.0, 0.0, 0.0, 0.0, 0.0, 0.6645227670669556, 0.5103036165237427, 0.7206212878227234, 0.0, 0.0, 0.5492256283760071, 0.0, 0.49754759669303894, 0.9969428777694702, 0.0, 0.8583164811134338, 0.6691094636917114, 0.8034831881523132, 0.0, 0.0, 0.0, 0.0, 0.0, 0.0, 0.0, 0.0, 0.7398927807807922, 0.5127696990966797, 0.7093379497528076, 0.0, 0.0, 0.4687812924385071, 0.0, 0.5127324461936951, 0.9776400923728943, 0.0, 0.8591028451919556, 0.6606511473655701, 0.8353044986724854, 0.0, 0.0, 0.0, 0.0, 0.0, 0.0, 0.0, 0.0, 0.7014307379722595, 0.48665091395378113, 0.738038957118988, 0.0, 0.0, 0.5166304111480713, 0.0, 0.48810139298439026, 0.0, 0.0, 0.890504002571106, 0.7119802832603455, 0.8687794804573059, 0.0, 0.0, 0.0, 0.0, 0.0, 0.0, 0.0, 0.0, 0.7363771200180054, 0.5288034081459045, 0.0, 0.0, 1.0259135961532593, 0.5081929564476013, 0.0, 0.0, 0.0, 0.0, 0.8493872284889221, 0.6775665283203125, 0.0, 0.0, 0.0, 0.0, 0.0, 0.0, 0.0, 0.0, 0.0, 0.0, 0.5695185661315918, 0.8217715620994568, 0.0, 0.0, 0.0, 0.0, 0.49826762080192566, 0.986907422542572, 0.0, 0.0, 0.6268526911735535, 0.8254688382148743, 0.0, 0.0, 0.0, 0.0, 0.0, 0.0, 0.0, 0.0, 0.7297459840774536, 0.6819168925285339, 0.8647684454917908, 0.0, 0.0, 0.5001340508460999, 0.0, 0.4898332953453064, 0.9823598861694336, 0.0, 0.7281627655029297, 0.6245954632759094, 0.8240993022918701, 0.0, 0.0, 0.0, 0.0, 0.0, 0.0, 0.0, 0.0, 0.8428059220314026, 0.6986052989959717, 0.8554286956787109, 0.0, 0.0, 0.5075706243515015, 0.0, 0.5305183529853821, 0.9796229004859924, 0.0, 0.7675648331642151, 0.5990509986877441, 0.8481231927871704, 0.0, 0.0, 0.0, 0.0, 0.0, 0.0, 0.0, 0.0, 0.8120737075805664, 0.6701895594596863, 0.7956634163856506, 0.0, 0.0, 0.5482991337776184, 0.0, 0.519995391368866, 0.0, 0.0, 0.7512083053588867, 0.6350511908531189, 0.855557382106781, 0.0, 0.0, 0.0, 0.0, 0.0, 0.0, 0.0, 0.0, 0.832615315914154, 0.5918225049972534, 0.0, 0.0, 0.0, 0.5003962516784668, 0.0, 0.0, 0.0, 0.0, 0.7873927354812622, 0.6470456719398499, 0.0, 0.0, 0.0, 0.0, 0.0, 0.0, 0.0, 0.0, 0.0, 0.0, 0.5904741883277893, 0.6939330697059631, 0.0, 0.0, 0.0, 0.0, 0.5147984027862549, 0.0, 0.0, 0.0, 0.0, 0.0, 0.0, 0.0, 0.0, 0.0, 0.0, 0.0, 0.0, 0.0, 0.8379959464073181, 0.6149232983589172, 0.7379370331764221, 0.0, 0.0, 0.47631964087486267, 0.0, 0.47623398900032043, 0.0, 0.0, 0.0, 0.0, 0.0, 0.0, 0.0, 0.0, 0.0, 0.0, 0.0, 0.0, 0.0, 0.8249602913856506, 0.6121214628219604, 0.7300198078155518, 0.0, 0.0, 0.4896768033504486, 0.0, 0.5054154396057129, 0.0, 0.0, 0.0, 0.0, 0.0, 0.0, 0.0, 0.0, 0.0, 0.0, 0.0, 0.0, 0.0, 0.8735395073890686, 0.6026460528373718, 0.7571728825569153, 0.0, 0.0, 0.0, 0.0, 0.0, 0.0, 0.0, 0.0, 0.0, 0.0, 0.0, 0.0, 0.0, 0.0, 0.0, 0.0, 0.0, 0.0, 0.0, 0.0, 0.0, 0.0, 0.0, 0.0, 0.0)"
"(0.0, 0.5586318373680115, 0.0, 0.0, 0.0, 0.5287541747093201, 0.6785199046134949, 0.0, 0.0, 0.0, 0.0, 0.0, 0.0, 0.0, 0.0, 0.0, 0.0, 0.0, 0.0, 0.0, 0.5509932637214661, 0.0, 0.515572190284729, 0.0, 0.0, 0.863980770111084, 0.5377203226089478, 0.798805296421051, 0.0, 0.0, 0.0, 0.0, 0.0, 0.0, 0.0, 0.0, 0.0, 0.0, 0.0, 0.0, 0.0, 0.5307912826538086, 0.0, 0.48814353346824646, 1.0013844966888428, 0.0, 0.7027715444564819, 0.5238115191459656, 0.6665930151939392, 0.0, 0.0, 0.0, 0.0, 0.0, 0.0, 0.0, 0.0, 0.0, 0.0, 0.0, 0.0, 0.0, 0.4754255712032318, 0.0, 0.4831642806529999, 0.0, 0.0, 0.7553606033325195, 0.3754550814628601, 0.8083300590515137, 0.0, 0.0, 0.0, 0.0, 0.0, 0.0, 0.0, 0.0, 0.0, 0.0, 0.0, 0.0, 0.9824508428573608, 0.5293601155281067, 0.0, 0.0, 0.0, 0.0, 0.5808591246604919, 0.6024925708770752, 0.0, 0.0, 0.0, 0.0, 0.0, 0.0, 0.0, 0.0, 0.0, 0.0, 0.5001851320266724, 0.8564755320549011, 0.0, 0.0, 0.0, 0.0, 0.5377792716026306, 0.0, 0.0, 0.0, 0.5760730504989624, 0.8127140998840332, 0.0, 0.0, 0.0, 0.0, 0.0, 0.0, 0.0, 0.0, 0.6861212253570557, 0.5662972331047058, 0.7143011093139648, 0.0, 0.0, 0.5896395444869995, 0.0, 0.4952438473701477, 0.0, 0.0, 0.886237382888794, 0.691625714302063, 0.839099645614624, 0.0, 0.0, 0.0, 0.0, 0.0, 0.0, 0.0, 0.0, 0.7716875672340393, 0.477077454328537, 0.8277536630630493, 0.0, 0.0, 0.5017207860946655, 0.0, 0.5556963086128235, 1.0378503799438477, 0.0, 0.9250228404998779, 0.6608596444129944, 0.893388032913208, 0.0, 0.0, 0.0, 0.0, 0.0, 0.0, 0.0, 0.0, 0.6375744938850403, 0.4936414361000061, 0.49703389406204224, 0.0, 0.0, 0.5951663255691528, 0.0, 0.5583444833755493, 0.0, 0.0, 0.0, 0.9112956523895264, 0.9816650748252869, 0.0, 0.0, 0.0, 0.0, 0.0, 0.0, 0.0, 0.0, 0.9337877035140991, 0.5939531326293945, 0.0, 0.0, 0.9889583587646484, 0.5126733779907227, 0.0, 0.0, 0.0, 0.0, 0.7878085970878601, 0.5333625078201294, 0.0, 0.0, 0.0, 0.0, 0.0, 0.0, 0.0, 0.0, 0.0, 0.0, 0.5308194756507874, 0.8340818285942078, 0.0, 0.0, 0.0, 0.0, 0.4887319505214691, 0.0, 0.0, 0.0, 0.787234365940094, 1.0088164806365967, 0.0, 0.0, 0.0, 0.0, 0.0, 0.0, 0.0, 0.0, 0.7836573719978333, 0.6875137090682983, 0.838422417640686, 0.0, 0.0, 0.5035206079483032, 0.0, 0.4777884781360626, 0.9476704001426697, 0.0, 0.900155246257782, 0.8086994886398315, 0.0, 0.0, 0.0, 0.0, 0.0, 0.0, 0.0, 0.0, 0.0, 0.8236945867538452, 0.6528464555740356, 0.0, 0.0, 0.0, 0.45615696907043457, 0.0, 0.5032601952552795, 1.0105315446853638, 0.0, 0.8661044836044312, 0.8025760650634766, 0.0, 0.0, 0.0, 0.0, 0.0, 0.0, 0.0, 0.0, 0.0, 0.8292973637580872, 0.853773295879364, 0.7361640930175781, 0.0, 0.0, 0.5326654314994812, 0.0, 0.4876197278499603, 0.0, 0.0, 0.8990159630775452, 0.7999137043952942, 0.0, 0.0, 0.0, 0.0, 0.0, 0.0, 0.0, 0.0, 0.0, 0.9303174018859863, 0.5025824308395386, 0.0, 0.0, 0.0, 0.5271531343460083, 0.0, 0.0, 0.0, 0.0, 0.8968420624732971, 0.8282877206802368, 0.0, 0.0, 0.0, 0.0, 0.0, 0.0, 0.0, 0.0, 0.0, 0.0, 0.791619598865509, 0.8602101802825928, 0.0, 0.0, 0.0, 0.0, 0.48906761407852173, 0.0, 0.0, 0.0, 0.0, 0.0, 0.0, 0.0, 0.0, 0.0, 0.0, 0.0, 0.0, 0.0, 0.0, 0.7875511646270752, 0.8894173502922058, 0.0, 0.0, 0.5522793531417847, 0.0, 0.5042827129364014, 0.0, 0.0, 0.0, 0.0, 0.0, 0.0, 0.0, 0.0, 0.0, 0.0, 0.0, 0.0, 0.0, 0.0, 0.7913973927497864, 0.8594338297843933, 0.0, 0.0, 0.4930136799812317, 0.0, 0.5012286305427551, 0.0, 0.0, 0.0, 0.0, 0.0, 0.0, 0.0, 0.0, 0.0, 0.0, 0.0, 0.0, 0.0, 0.0, 0.8275935053825378, 0.876492440700531, 0.0, 0.0, 0.44283440709114075, 0.0, 0.49233511090278625, 0.0, 0.0, 0.0, 0.0, 0.0, 0.0, 0.0, 0.0, 0.0, 0.0, 0.0, 0.0, 0.0, 0.8617813587188721, 0.6253395080566406, 0.0, 0.0, 0.0, 0.5256693363189697, 0.0)"
"(0.0, 0.5626593828201294, 0.0, 0.0, 0.0, 0.4995441138744354, 0.6734806299209595, 0.0, 0.0, 0.0, 0.0, 0.0, 0.0, 0.0, 0.0, 0.0, 0.0, 0.0, 0.0, 0.0, 0.5406932234764099, 0.0, 0.5171409249305725, 0.0, 0.0, 0.8698127865791321, 0.5945566892623901, 0.7845054268836975, 0.0, 0.0, 0.0, 0.0, 0.0, 0.0, 0.0, 0.0, 0.0, 0.0, 0.0, 0.0, 0.0, 0.5671474933624268, 0.0, 0.5228549838066101, 0.9806951284408569, 0.0, 0.7127982378005981, 0.5263910293579102, 0.7174164056777954, 0.0, 0.0, 0.0, 0.0, 0.0, 0.0, 0.0, 0.0, 0.0, 0.0, 0.0, 0.0, 0.0, 0.5369901061058044, 0.0, 0.5955536365509033, 0.0, 0.0, 0.8827587366104126, 0.5636124610900879, 0.0, 0.0, 0.0, 0.0, 0.0, 0.0, 0.0, 0.0, 0.0, 0.0, 0.0, 0.0, 0.0, 0.9706923961639404, 0.616787314414978, 0.0, 0.0, 0.0, 0.0, 0.385595440864563, 0.6045106053352356, 0.0, 0.0, 0.0, 0.0, 0.0, 0.0, 0.0, 0.0, 0.0, 0.0, 0.48209506273269653, 0.9001012444496155, 0.0, 0.0, 0.0, 0.0, 0.6359239816665649, 0.0, 0.0, 0.0, 0.6568340063095093, 0.680252730846405, 0.0, 0.0, 0.0, 0.0, 0.0, 0.0, 0.0, 0.0, 0.6819111704826355, 0.593245804309845, 0.698218822479248, 0.0, 0.0, 0.6526281833648682, 0.0, 0.5209770202636719, 0.0, 0.0, 0.9429309368133545, 0.5511488914489746, 0.8656838536262512, 0.0, 0.0, 0.0, 0.0, 0.0, 0.0, 0.0, 0.0, 0.7878047823905945, 0.5076554417610168, 0.8446643948554993, 0.0, 0.0, 0.531812846660614, 0.0, 0.6827360391616821, 1.0267927646636963, 0.0, 0.7516417503356934, 0.7237556576728821, 0.8814433813095093, 0.0, 0.0, 0.0, 0.0, 0.0, 0.0, 0.0, 0.0, 0.6832445859909058, 0.5610082149505615, 0.4707193970680237, 0.0, 0.0, 0.6948729157447815, 0.0, 0.5901086330413818, 0.0, 0.0, 0.0, 0.0, 0.0, 0.0, 0.0, 0.0, 0.0, 0.0, 0.0, 0.0, 0.0, 0.0, 0.824016273021698, 0.0, 0.0, 0.981445848941803, 0.5506110191345215, 0.0, 0.0, 0.0, 0.0, 0.7627665996551514, 0.5523666143417358, 0.0, 0.0, 0.0, 0.0, 0.0, 0.0, 0.0, 0.0, 0.0, 0.0, 0.6564940214157104, 0.9864471554756165, 0.0, 0.0, 0.0, 0.0, 0.5377160310745239, 0.0, 0.0, 0.0, 0.8613659143447876, 0.0, 0.0, 0.0, 0.0, 0.0, 0.0, 0.0, 0.0, 0.0, 0.7193388938903809, 0.5554400086402893, 0.7987726330757141, 0.0, 0.0, 0.6267315745353699, 0.0, 0.5579108595848083, 0.0, 0.0, 0.0, 0.0, 0.0, 0.0, 0.0, 0.0, 0.0, 0.0, 0.0, 0.0, 0.0, 0.8542449474334717, 0.7493972778320312, 0.0, 0.0, 0.0, 0.5304077863693237, 0.0, 0.4723341763019562, 1.0144093036651611, 0.0, 1.009966492652893, 0.9695625901222229, 0.0, 0.0, 0.0, 0.0, 0.0, 0.0, 0.0, 0.0, 0.0, 0.8584944009780884, 0.0, 0.7176538705825806, 0.0, 0.0, 0.5115317106246948, 0.0, 0.5197081565856934, 0.0, 0.0, 0.9818552732467651, 0.9896596074104309, 0.0, 0.0, 0.0, 0.0, 0.0, 0.0, 0.0, 0.0, 0.0, 0.0, 0.5488443374633789, 0.0, 0.0, 0.0, 0.5196747779846191, 0.0, 0.0, 0.0, 0.0, 0.0, 0.9969162344932556, 0.0, 0.0, 0.0, 0.0, 0.0, 0.0, 0.0, 0.0, 0.0, 0.0, 0.834123969078064, 0.0, 0.0, 0.0, 0.0, 0.0, 0.4676438868045807, 0.0, 0.0, 0.0, 0.0, 0.0, 0.0, 0.0, 0.0, 0.0, 0.0, 0.0, 0.0, 0.0, 0.0, 0.0, 0.9778170585632324, 0.0, 0.0, 0.5176026225090027, 0.0, 0.4891785681247711, 0.0, 0.0, 0.0, 0.0, 0.0, 0.0, 0.0, 0.0, 0.0, 0.0, 0.0, 0.0, 0.0, 0.0, 0.923596978187561, 1.0029574632644653, 0.0, 0.0, 0.48382285237312317, 0.0, 0.5147184729576111, 0.0, 0.0, 0.0, 0.0, 0.0, 0.0, 0.0, 0.0, 0.0, 0.0, 0.0, 0.0, 0.0, 0.0, 0.8275935053825378, 0.876492440700531, 0.0, 0.0, 0.4926084280014038, 0.0, 0.5088726878166199, 0.0, 0.0, 0.0, 0.0, 0.0, 0.0, 0.0, 0.0, 0.0, 0.0, 0.0, 0.0, 0.0, 0.0, 0.8500767350196838, 0.0, 0.0, 0.0, 0.5222805142402649, 0.0)"
"(0.0, 0.5836140513420105, 0.0, 0.0, 0.0, 0.552930474281311, 0.6944137215614319, 0.0, 0.0, 0.0, 0.0, 0.0, 0.0, 0.0, 0.0, 0.0, 0.0, 0.0, 0.0, 0.0, 0.5172202587127686, 0.0, 0.6185677647590637, 0.0, 0.0, 0.8790960907936096, 0.5792955756187439, 0.8365518450737, 0.0, 0.0, 0.0, 0.0, 0.0, 0.0, 0.0, 0.0, 0.0, 0.0, 0.0, 0.0, 0.0, 0.5768974423408508, 0.0, 0.5480000376701355, 0.0, 0.0, 0.6983751654624939, 0.5303531289100647, 0.7048894166946411, 0.0, 0.0, 0.0, 0.0, 0.0, 0.0, 0.0, 0.0, 0.0, 0.0, 0.0, 0.0, 0.0, 0.5414460301399231, 0.0, 0.7821254730224609, 0.0, 0.0, 0.9600601196289062, 0.6727017760276794, 0.0, 0.0, 0.0, 0.0, 0.0, 0.0, 0.0, 0.0, 0.0, 0.0, 0.0, 0.0, 0.0, 0.0, 0.7702768445014954, 0.0, 0.0, 0.0, 0.0, 0.6182307600975037, 0.9257283806800842, 0.0, 0.0, 0.0, 0.0, 0.0, 0.0, 0.0, 0.0, 0.0, 0.0, 0.5138225555419922, 0.9207256436347961, 0.0, 0.0, 0.0, 0.0, 0.6518263816833496, 0.0, 0.0, 0.0, 0.8398157358169556, 0.7357684373855591, 0.0, 0.0, 0.0, 0.0, 0.0, 0.0, 0.0, 0.0, 0.6902886629104614, 0.5447829961776733, 0.6987127065658569, 0.0, 0.0, 0.6478564739227295, 0.0, 0.5417089462280273, 0.0, 0.0, 0.0, 0.6908226013183594, 1.0305544137954712, 0.0, 0.0, 0.0, 0.0, 0.0, 0.0, 0.0, 0.0, 0.8140610456466675, 0.4861091375350952, 0.9573251008987427, 0.0, 0.0, 0.530521810054779, 0.0, 0.737507700920105, 1.0089234113693237, 0.0, 0.8599104285240173, 0.8776040077209473, 0.8743187785148621, 0.0, 0.0, 0.0, 0.0, 0.0, 0.0, 0.0, 0.0, 0.7755399346351624, 0.6673481464385986, 0.6270055770874023, 0.0, 0.0, 0.7647234201431274, 0.0, 0.5599007606506348, 0.0, 0.0, 0.0, 0.0, 0.0, 0.0, 0.0, 0.0, 0.0, 0.0, 0.0, 0.0, 0.0, 0.0, 0.8574426174163818, 0.0, 0.0, 0.9607906937599182, 0.5075054168701172, 0.0, 0.0, 0.0, 0.0, 0.7791265249252319, 0.6274345517158508, 0.0, 0.0, 0.0, 0.0, 0.0, 0.0, 0.0, 0.0, 0.0, 0.0, 0.872174084186554, 0.0, 0.0, 0.0, 0.0, 0.0, 0.5777944326400757, 0.0, 0.0, 0.0, 0.8913440108299255, 0.0, 0.0, 0.0, 0.0, 0.0, 0.0, 0.0, 0.0, 0.0, 0.786633312702179, 0.6821948289871216, 0.8848085403442383, 0.0, 0.0, 0.6237480640411377, 0.0, 0.5942312479019165, 0.0, 0.0, 0.0, 0.0, 0.0, 0.0, 0.0, 0.0, 0.0, 0.0, 0.0, 0.0, 0.0, 0.0, 0.8626030087471008, 0.0, 0.0, 0.0, 0.5418601632118225, 0.0, 0.5402514338493347, 0.0, 0.0, 0.0, 0.0, 0.0, 0.0, 0.0, 0.0, 0.0, 0.0, 0.0, 0.0, 0.0, 0.9008692502975464, 0.0, 0.695806086063385, 0.0, 0.0, 0.5211674571037292, 0.0, 0.528641402721405, 0.0, 0.0, 0.0, 0.0, 0.0, 0.0, 0.0, 0.0, 0.0, 0.0, 0.0, 0.0, 0.0, 0.9454473853111267, 0.4002571403980255, 0.0, 0.0, 0.0, 0.5502798557281494, 0.0, 0.0, 0.0, 0.0, 0.0, 0.0, 0.0, 0.0, 0.0, 0.0, 0.0, 0.0, 0.0, 0.0, 0.0, 0.0, 0.9247114658355713, 0.0, 0.0, 0.0, 0.0, 0.0, 0.5257087349891663, 0.0, 0.0, 0.0, 0.0, 0.0, 0.0, 0.0, 0.0, 0.0, 0.0, 0.0, 0.0, 0.0, 0.0, 0.0, 0.9659619927406311, 0.0, 0.0, 0.4961913228034973, 0.0, 0.5324256420135498, 0.0, 0.0, 0.0, 0.0, 0.0, 0.0, 0.0, 0.0, 0.0, 0.0, 0.0, 0.0, 0.0, 0.0, 0.0, 0.0, 0.0, 0.0, 0.49721914529800415, 0.0, 0.483085036277771, 0.0, 0.0, 0.0, 0.0, 0.0, 0.0, 0.0, 0.0, 0.0, 0.0, 0.0, 0.0, 0.0, 0.0, 1.011611819267273, 1.0048655271530151, 0.0, 0.0, 0.479184627532959, 0.0, 0.5131300687789917, 0.0, 0.0, 0.0, 0.0, 0.0, 0.0, 0.0, 0.0, 0.0, 0.0, 0.0, 0.0, 0.0, 0.0, 0.0, 0.0, 0.0, 0.0, 0.5327093005180359, 0.0)"
"(0.0, 0.5919970870018005, 0.0, 0.0, 0.0, 0.5128908753395081, 0.7402741312980652, 0.0, 0.0, 0.0, 0.0, 0.0, 0.0, 0.0, 0.0, 0.0, 0.0, 0.0, 0.0, 0.0, 0.6071172952651978, 0.0, 0.6074888706207275, 0.0, 0.0, 0.9421448707580566, 0.5745382308959961, 0.8815613389015198, 0.0, 0.0, 0.0, 0.0, 0.0, 0.0, 0.0, 0.0, 0.0, 0.0, 0.0, 0.0, 0.0, 0.6225389838218689, 0.0, 0.5574103593826294, 0.0, 0.0, 0.7323858141899109, 0.5303588509559631, 0.7813935279846191, 0.0, 0.0, 0.0, 0.0, 0.0, 0.0, 0.0, 0.0, 0.0, 0.0, 0.0, 0.0, 0.0, 0.5542104840278625, 0.0, 0.9814032912254333, 0.0, 0.0, 0.9545658230781555, 0.6509658694267273, 0.0, 0.0, 0.0, 0.0, 0.0, 0.0, 0.0, 0.0, 0.0, 0.0, 0.0, 0.0, 0.0, 0.0, 1.0181275606155396, 0.0, 0.0, 0.0, 0.0, 0.6636236310005188, 0.9276673793792725, 0.0, 0.0, 0.0, 0.0, 0.0, 0.0, 0.0, 0.0, 0.0, 0.0, 0.5017156600952148, 0.8820095062255859, 0.0, 0.0, 0.0, 0.0, 0.6864057183265686, 0.0, 0.0, 0.0, 0.8405455946922302, 0.82230544090271, 0.0, 0.0, 0.0, 0.0, 0.0, 0.0, 0.0, 0.0, 0.7050323486328125, 0.5874294638633728, 0.6707263588905334, 0.0, 0.0, 0.6646931171417236, 0.0, 0.5375537872314453, 0.0, 0.0, 0.0, 0.7304155230522156, 0.0, 0.0, 0.0, 0.0, 0.0, 0.0, 0.0, 0.0, 0.0, 0.8575876355171204, 0.4696335196495056, 0.9644489884376526, 0.0, 0.0, 0.5617343783378601, 0.0, 0.7758919596672058, 0.9703375697135925, 0.0, 0.9077295064926147, 0.9454175233840942, 0.9830323457717896, 0.0, 0.0, 0.0, 0.0, 0.0, 0.0, 0.0, 0.0, 0.7606589794158936, 0.5984735488891602, 0.7035343050956726, 0.0, 0.0, 0.8217673301696777, 0.0, 0.580604612827301, 0.0, 0.0, 0.0, 0.0, 0.0, 0.0, 0.0, 0.0, 0.0, 0.0, 0.0, 0.0, 0.0, 0.0, 0.9072141647338867, 0.0, 0.0, 0.9585130214691162, 0.5159504413604736, 0.0, 0.0, 0.0, 0.0, 0.8507506251335144, 0.5551874041557312, 0.0, 0.0, 0.0, 0.0, 0.0, 0.0, 0.0, 0.0, 0.0, 0.0, 0.8990020155906677, 0.0, 0.0, 0.0, 0.0, 0.0, 0.5552865862846375, 0.0, 0.0, 0.0, 0.0, 0.0, 0.0, 0.0, 0.0, 0.0, 0.0, 0.0, 0.0, 0.0, 0.8360779285430908, 0.7307087182998657, 0.9309605360031128, 0.0, 0.0, 0.5991972088813782, 0.0, 0.5821832418441772, 0.0, 0.0, 0.0, 0.0, 0.0, 0.0, 0.0, 0.0, 0.0, 0.0, 0.0, 0.0, 0.0, 0.0, 0.9092986583709717, 0.0, 0.0, 0.0, 0.6002018451690674, 0.0, 0.5586669445037842, 0.0, 0.0, 0.0, 0.0, 0.0, 0.0, 0.0, 0.0, 0.0, 0.0, 0.0, 0.0, 0.0, 0.9483664035797119, 0.0, 0.8097888827323914, 0.0, 0.0, 0.60013347864151, 0.0, 0.5734736323356628, 0.0, 0.0, 0.0, 0.0, 0.0, 0.0, 0.0, 0.0, 0.0, 0.0, 0.0, 0.0, 0.0, 0.0, 0.6361552476882935, 0.0, 0.0, 0.0, 0.5526583790779114, 0.0, 0.0, 0.0, 0.0, 0.0, 0.0, 0.0, 0.0, 0.0, 0.0, 0.0, 0.0, 0.0, 0.0, 0.0, 0.0, 0.0, 0.0, 0.0, 0.0, 0.0, 0.0, 0.522165060043335, 0.0, 0.0, 0.0, 0.0, 0.0, 0.0, 0.0, 0.0, 0.0, 0.0, 0.0, 0.0, 0.0, 0.0, 0.0, 0.0, 0.0, 0.0, 0.4810916781425476, 0.0, 0.5235924124717712, 0.0, 0.0, 0.0, 0.0, 0.0, 0.0, 0.0, 0.0, 0.0, 0.0, 0.0, 0.0, 0.0, 0.0, 0.0, 0.0, 0.0, 0.0, 0.5095937848091125, 0.0, 0.4953884184360504, 0.0, 0.0, 0.0, 0.0, 0.0, 0.0, 0.0, 0.0, 0.0, 0.0, 0.0, 0.0, 0.0, 0.0, 0.0, 0.0, 0.0, 0.0, 0.4918520748615265, 0.0, 0.5273952484130859, 0.0, 0.0, 0.0, 0.0, 0.0, 0.0, 0.0, 0.0, 0.0, 0.0, 0.0, 0.0, 0.0, 0.0, 0.0, 0.0, 0.0, 0.0, 0.4779960513114929, 0.0)"
"(0.0, 0.5875325202941895, 0.0, 0.0, 0.0, 0.5721340179443359, 0.7715405225753784, 0.0, 0.0, 0.0, 0.0, 0.0, 0.0, 0.0, 0.0, 0.0, 0.0, 0.0, 0.0, 0.0, 0.6191887259483337, 0.0, 0.6468020677566528, 0.0, 0.0, 0.9543669819831848, 0.5652374625205994, 0.8989439606666565, 0.0, 0.0, 0.0, 0.0, 0.0, 0.0, 0.0, 0.0, 0.0, 0.0, 0.0, 0.0, 0.0, 0.7078964114189148, 0.0, 0.619178831577301, 0.0, 0.0, 0.6861543655395508, 0.4545455873012543, 0.7821851372718811, 0.0, 0.0, 0.0, 0.0, 0.0, 0.0, 0.0, 0.0, 0.0, 0.0, 0.0, 0.0, 0.0, 0.6239726543426514, 0.0, 0.0, 0.0, 0.0, 0.9421442747116089, 0.6451627016067505, 0.0, 0.0, 0.0, 0.0, 0.0, 0.0, 0.0, 0.0, 0.0, 0.0, 0.0, 0.0, 0.0, 0.0, 0.0, 0.0, 0.0, 0.0, 0.0, 0.8809940218925476, 0.0, 0.0, 0.0, 0.0, 0.0, 0.0, 0.0, 0.0, 0.0, 0.0, 0.0, 0.6064640879631042, 1.0014177560806274, 0.0, 0.0, 0.0, 0.0, 0.7037575840950012, 0.0, 0.0, 0.0, 0.9719529747962952, 0.9290518760681152, 0.0, 0.0, 0.0, 0.0, 0.0, 0.0, 0.0, 0.0, 0.7226324677467346, 0.5194403529167175, 0.6578535437583923, 0.0, 0.0, 0.7317100763320923, 0.0, 0.5707434415817261, 0.0, 0.0, 0.0, 0.9065272808074951, 0.0, 0.0, 0.0, 0.0, 0.0, 0.0, 0.0, 0.0, 0.0, 0.895636260509491, 0.41395047307014465, 0.9729187488555908, 0.0, 0.0, 0.563424825668335, 0.0, 0.8515421152114868, 0.7952043414115906, 0.0, 0.0, 0.0, 0.0, 0.0, 0.0, 0.0, 0.0, 0.0, 0.0, 0.0, 0.0, 0.7687831521034241, 0.5681537985801697, 0.8877741098403931, 0.0, 0.0, 0.8913898468017578, 0.0, 0.596645176410675, 0.0, 0.0, 0.0, 0.0, 0.0, 0.0, 0.0, 0.0, 0.0, 0.0, 0.0, 0.0, 0.9768273830413818, 0.0, 0.0, 0.0, 0.0, 0.8116859197616577, 0.5500485301017761, 0.0, 0.0, 0.0, 0.0, 0.9302220344543457, 0.7932981252670288, 0.0, 0.0, 0.0, 0.0, 0.0, 0.0, 0.0, 0.0, 0.0, 0.0, 0.9768465757369995, 0.0, 0.0, 0.0, 0.0, 0.0, 0.49084150791168213, 1.0612462759017944, 0.0, 0.0, 0.0, 0.0, 0.0, 0.0, 0.0, 0.0, 0.0, 0.0, 0.0, 0.0, 0.8600357174873352, 0.9593817591667175, 0.0, 0.0, 0.0, 0.5871911644935608, 0.0, 0.6151703000068665, 0.0, 0.0, 0.0, 0.0, 0.0, 0.0, 0.0, 0.0, 0.0, 0.0, 0.0, 0.0, 0.0, 0.0, 0.0, 0.0, 0.0, 0.0, 0.579731285572052, 0.0, 0.6059942245483398, 0.0, 0.0, 0.0, 0.0, 0.0, 0.0, 0.0, 0.0, 0.0, 0.0, 0.0, 0.0, 0.0, 0.0, 0.0, 0.88543301820755, 0.0, 0.0, 0.6197054982185364, 0.0, 0.6246606111526489, 0.0, 0.0, 0.0, 0.0, 0.0, 0.0, 0.0, 0.0, 0.0, 0.0, 0.0, 0.0, 0.0, 0.0, 0.7782222032546997, 0.0, 0.0, 0.0, 0.6767809391021729, 0.0, 0.0, 0.0, 0.0, 0.0, 0.0, 0.0, 0.0, 0.0, 0.0, 0.0, 0.0, 0.0, 0.0, 0.0, 0.0, 0.0, 0.0, 0.0, 0.0, 0.0, 0.0, 0.5104204416275024, 0.0, 0.0, 0.0, 0.0, 0.0, 0.0, 0.0, 0.0, 0.0, 0.0, 0.0, 0.0, 0.0, 0.0, 0.0, 0.0, 0.0, 0.0, 0.492538720369339, 0.0, 0.4955032765865326, 0.0, 0.0, 0.0, 0.0, 0.0, 0.0, 0.0, 0.0, 0.0, 0.0, 0.0, 0.0, 0.0, 0.0, 0.0, 0.0, 0.0, 0.0, 0.5095937848091125, 0.0, 0.4953884184360504, 0.0, 0.0, 0.0, 0.0, 0.0, 0.0, 0.0, 0.0, 0.0, 0.0, 0.0, 0.0, 0.0, 0.0, 0.0, 0.0, 0.0, 0.0, 0.5136283040046692, 0.0, 0.5155571103096008, 0.0, 0.0, 0.0, 0.0, 0.0, 0.0, 0.0, 0.0, 0.0, 0.0, 0.0, 0.0, 0.0, 0.0, 0.0, 0.0, 0.0, 0.0, 0.5406906008720398, 0.0)"
"(0.0, 0.6312753558158875, 0.0, 0.0, 0.0, 0.7060766816139221, 0.7376243472099304, 0.0, 0.0, 0.0, 0.0, 0.0, 0.0, 0.0, 0.0, 0.0, 0.0, 0.0, 0.0, 0.0, 0.6585476398468018, 0.0, 0.6969629526138306, 0.0, 0.0, 0.0, 0.5732994079589844, 0.0, 0.0, 0.0, 0.0, 0.0, 0.0, 0.0, 0.0, 0.0, 0.0, 0.0, 0.0, 0.0, 0.0, 0.6772398948669434, 0.0, 0.637288510799408, 0.0, 0.0, 0.7027963995933533, 0.6008855700492859, 0.7052575945854187, 0.8897550702095032, 0.0, 0.0, 0.0, 0.0, 0.0, 0.0, 0.0, 0.0, 0.0, 0.0, 0.0, 0.0, 0.650442361831665, 0.0, 0.0, 0.0, 0.0, 0.0, 0.5529411435127258, 0.0, 0.0, 0.0, 0.0, 0.0, 0.0, 0.0, 0.0, 0.0, 0.0, 0.0, 0.0, 0.0, 0.0, 0.0, 0.0, 0.0, 0.0, 0.0, 0.0, 0.0, 0.0, 0.0, 0.0, 0.0, 0.0, 0.0, 0.0, 0.0, 0.0, 0.0, 0.6692527532577515, 0.0, 0.0, 0.0, 0.0, 0.0, 0.8058145642280579, 0.0, 0.0, 0.0, 0.0, 0.9537920355796814, 0.0, 0.0, 0.0, 0.0, 0.0, 0.0, 0.0, 0.0, 0.7102751731872559, 0.5718280076980591, 0.696806788444519, 0.0, 0.0, 0.8300604820251465, 0.0, 0.6067907214164734, 0.0, 0.0, 0.0, 0.0, 0.0, 0.0, 0.0, 0.0, 0.0, 0.0, 0.0, 0.0, 0.0, 0.0, 0.621192455291748, 0.0, 0.0, 0.0, 0.6151027679443359, 0.0, 0.9231045246124268, 0.6942978501319885, 0.0, 0.0, 0.0, 0.0, 0.0, 0.0, 0.0, 0.0, 0.0, 0.0, 0.0, 0.0, 0.65235435962677, 0.490876168012619, 0.0, 0.0, 0.0, 0.9577924609184265, 0.0, 0.6591675877571106, 0.0, 0.0, 0.0, 0.0, 0.0, 0.0, 0.0, 0.0, 0.0, 0.0, 0.0, 0.0, 0.8777832388877869, 0.0, 0.0, 0.0, 0.0, 0.6856714487075806, 0.6172585487365723, 0.0, 0.0, 0.0, 0.0, 1.0043649673461914, 1.0273114442825317, 0.0, 0.0, 0.0, 0.0, 0.0, 0.0, 0.0, 0.0, 0.0, 0.0, 0.9677003622055054, 0.0, 0.0, 0.0, 0.0, 0.0, 0.49697771668434143, 0.9735066294670105, 0.0, 0.0, 0.0, 0.0, 0.0, 0.0, 0.0, 0.0, 0.0, 0.0, 0.0, 0.0, 0.9199978113174438, 0.0, 0.0, 0.0, 0.0, 0.5483121275901794, 0.0, 0.6490622758865356, 0.0, 0.0, 0.0, 0.0, 0.0, 0.0, 0.0, 0.0, 0.0, 0.0, 0.0, 0.0, 0.0, 0.0, 0.0, 0.0, 0.0, 0.0, 0.6228682994842529, 0.0, 0.6444420218467712, 0.0, 0.0, 0.0, 0.0, 0.0, 0.0, 0.0, 0.0, 0.0, 0.0, 0.0, 0.0, 0.0, 0.0, 0.0, 0.9507964849472046, 0.0, 0.0, 0.7219693660736084, 0.0, 0.7031561732292175, 0.0, 0.0, 0.0, 0.0, 0.0, 0.0, 0.0, 0.0, 0.0, 0.0, 0.0, 0.0, 0.0, 0.0, 0.9936338067054749, 0.0, 0.0, 0.0, 0.7169495820999146, 0.0, 0.0, 0.0, 0.0, 0.0, 0.0, 0.0, 0.0, 0.0, 0.0, 0.0, 0.0, 0.0, 0.0, 0.0, 0.0, 0.0, 0.0, 0.0, 0.0, 0.0, 0.0, 0.4736594557762146, 0.0, 0.0, 0.0, 0.0, 0.0, 0.0, 0.0, 0.0, 0.0, 0.0, 0.0, 0.0, 0.0, 0.0, 0.0, 0.0, 0.0, 0.0, 0.5080179572105408, 0.0, 0.4859553277492523, 0.0, 0.0, 0.0, 0.0, 0.0, 0.0, 0.0, 0.0, 0.0, 0.0, 0.0, 0.0, 0.0, 0.0, 0.0, 0.0, 0.0, 0.0, 0.4963822364807129, 0.0, 0.5082882046699524, 0.0, 0.0, 0.0, 0.0, 0.0, 0.0, 0.0, 0.0, 0.0, 0.0, 0.0, 0.0, 0.0, 0.0, 0.0, 0.0, 0.0, 0.0, 0.5154197812080383, 0.0, 0.5143874287605286, 0.0, 0.0, 0.0, 0.0, 0.0, 0.0, 0.0, 0.0, 0.0, 0.0, 0.0, 0.0, 0.0, 0.0, 0.0, 0.0, 0.0, 0.0, 0.5114211440086365, 0.0)"
"(0.0, 0.7544058561325073, 0.0, 0.0, 0.0, 0.678345799446106, 0.7294213771820068, 0.0, 0.0, 0.0, 0.0, 0.0, 0.0, 0.0, 0.0, 0.0, 0.0, 0.0, 0.0, 0.0, 0.7723926305770874, 0.0, 0.7066364288330078, 0.0, 0.0, 0.0, 0.6964815855026245, 0.0, 0.0, 0.0, 0.0, 0.0, 0.0, 0.0, 0.0, 0.0, 0.0, 0.0, 0.0, 0.0, 0.0, 0.7146432399749756, 0.0, 0.6673401594161987, 0.0, 0.0, 0.7245796918869019, 0.7263006567955017, 0.6731733083724976, 0.777953028678894, 0.0, 0.0, 0.0, 0.0, 0.0, 0.0, 0.0, 0.0, 0.0, 0.0, 0.0, 0.0, 0.6891921758651733, 0.0, 0.0, 0.0, 0.0, 0.0, 0.4692491292953491, 0.0, 0.0, 0.0, 0.0, 0.0, 0.0, 0.0, 0.0, 0.0, 0.0, 0.0, 0.0, 0.0, 0.0, 0.0, 0.0, 0.0, 0.0, 0.0, 0.0, 0.0, 0.0, 0.0, 0.0, 0.0, 0.0, 0.0, 0.0, 0.0, 0.0, 0.0, 0.6000191569328308, 0.0, 0.0, 0.0, 0.0, 0.0, 0.8233702778816223, 0.0, 0.0, 0.0, 0.0, 0.9064364433288574, 0.0, 0.0, 0.0, 0.0, 0.0, 0.0, 0.0, 0.0, 0.7470019459724426, 0.6522226333618164, 0.7144057154655457, 0.0, 0.0, 0.8548770546913147, 0.0, 0.6847158074378967, 0.0, 0.0, 0.0, 0.0, 0.0, 0.0, 0.0, 0.0, 0.0, 0.0, 0.0, 0.0, 0.0, 0.0, 0.7244594097137451, 0.0, 0.0, 0.0, 0.6508496999740601, 0.0, 0.0, 0.5999311208724976, 0.0, 0.0, 0.0, 0.0, 0.0, 0.0, 0.0, 0.0, 0.0, 0.0, 0.0, 0.0, 0.6703551411628723, 0.47757890820503235, 0.0, 0.0, 0.0, 0.0, 0.0, 0.7271482348442078, 0.0, 0.0, 0.0, 0.0, 0.0, 0.0, 0.0, 0.0, 0.0, 0.0, 0.0, 0.0, 0.7589146494865417, 0.0, 0.0, 0.0, 0.0, 0.5495208501815796, 0.682310938835144, 0.0, 0.0, 0.0, 0.0, 0.0, 0.0, 0.0, 0.0, 0.0, 0.0, 0.0, 0.0, 0.0, 0.0, 0.0, 0.0, 0.0, 0.0, 0.0, 0.0, 0.0, 0.0, 0.6057440042495728, 0.9466859698295593, 0.0, 0.0, 0.0, 0.0, 0.0, 0.0, 0.0, 0.0, 0.0, 0.0, 0.0, 0.0, 0.8961448669433594, 0.9982898831367493, 0.9724888801574707, 0.0, 0.0, 0.662841796875, 0.0, 0.7196838855743408, 0.0, 0.0, 0.0, 0.0, 0.0, 0.0, 0.0, 0.0, 0.0, 0.0, 0.0, 0.0, 0.0, 0.0, 0.0, 0.0, 0.0, 0.9992793798446655, 0.6904873251914978, 0.0, 0.7087231278419495, 0.0, 0.0, 0.0, 0.0, 0.0, 0.0, 0.0, 0.0, 0.0, 0.0, 0.0, 0.0, 0.0, 0.0, 0.0, 0.0, 0.0, 0.0, 0.7140199542045593, 0.0, 0.8076598644256592, 0.0, 0.0, 0.0, 0.0, 0.0, 0.0, 0.0, 0.0, 0.0, 0.0, 0.0, 0.0, 0.0, 0.0, 0.0, 0.0, 0.0, 0.0, 0.7522231340408325, 0.0, 0.0, 0.0, 0.0, 0.0, 0.0, 0.0, 0.0, 0.0, 0.0, 0.0, 0.0, 0.0, 0.0, 0.0, 0.0, 0.0, 0.0, 0.0, 0.0, 0.0, 0.0, 0.49381569027900696, 0.0, 0.0, 0.0, 0.0, 0.0, 0.0, 0.0, 0.0, 0.0, 0.0, 0.0, 0.0, 0.0, 0.0, 0.0, 0.0, 0.0, 0.0, 0.5039544105529785, 0.0, 0.4859553277492523, 0.0, 0.0, 0.0, 0.0, 0.0, 0.0, 0.0, 0.0, 0.0, 0.0, 0.0, 0.0, 0.0, 0.0, 0.0, 0.0, 0.0, 0.0, 0.4828890562057495, 0.0, 0.49610671401023865, 0.0, 0.0, 0.0, 0.0, 0.0, 0.0, 0.0, 0.0, 0.0, 0.0, 0.0, 0.0, 0.0, 0.0, 0.0, 0.0, 0.0, 0.0, 0.48362118005752563, 0.0, 0.4909549653530121, 0.0, 0.0, 0.0, 0.0, 0.0, 0.0, 0.0, 0.0, 0.0, 0.0, 0.0, 0.0, 0.0, 0.0, 0.0, 0.0, 0.0, 0.0, 0.4669269025325775, 0.0)"
"(0.0, 0.7708088159561157, 0.0, 0.0, 0.0, 0.6614549160003662, 0.7810521125793457, 0.0, 0.0, 0.0, 0.0, 0.0, 0.0, 0.0, 0.0, 0.0, 0.0, 0.0, 0.0, 0.0, 0.7980852127075195, 0.0, 0.7799651622772217, 0.0, 0.0, 0.0, 0.7063854336738586, 0.0, 0.0, 0.0, 0.0, 0.0, 0.0, 0.0, 0.0, 0.0, 0.0, 0.0, 0.0, 0.0, 0.0, 0.744620680809021, 0.0, 0.7244635820388794, 0.0, 0.0, 0.7849383354187012, 0.8679989576339722, 0.6041867136955261, 0.8110335469245911, 0.0, 0.0, 0.0, 0.0, 0.0, 0.0, 0.0, 0.0, 0.0, 0.0, 0.0, 0.0, 0.7304723262786865, 0.0, 0.0, 0.0, 0.0, 0.0, 0.5937772989273071, 0.0, 0.0, 0.0, 0.0, 0.0, 0.0, 0.0, 0.0, 0.0, 0.0, 0.0, 0.0, 0.0, 0.0, 0.0, 0.0, 0.0, 0.0, 0.0, 0.0, 0.0, 0.0, 0.0, 0.0, 0.0, 0.0, 0.0, 0.0, 0.0, 0.0, 0.0, 0.6588765382766724, 0.0, 0.0, 0.0, 0.0, 0.0, 0.8827564120292664, 0.0, 0.0, 0.0, 0.0, 0.9354847073554993, 0.0, 0.0, 0.0, 0.0, 0.0, 0.0, 0.0, 0.0, 0.7861778736114502, 0.6697452068328857, 0.7774638533592224, 0.0, 0.0, 0.9386925101280212, 0.0, 0.7783034443855286, 0.0, 0.0, 0.0, 0.0, 0.0, 0.0, 0.0, 0.0, 0.0, 0.0, 0.0, 0.0, 0.0, 0.0, 0.8818376064300537, 0.0, 0.0, 0.0, 0.7868285775184631, 0.0, 0.0, 0.4501180648803711, 0.0, 0.0, 0.0, 0.0, 0.0, 0.0, 0.0, 0.0, 0.0, 0.0, 0.0, 0.0, 0.579143762588501, 0.591526985168457, 0.0, 0.0, 0.0, 0.0, 0.0, 0.6976613998413086, 0.0, 0.0, 0.0, 0.0, 0.0, 0.0, 0.0, 0.0, 0.0, 0.0, 0.0, 0.0, 0.7433145046234131, 0.0, 0.0, 0.0, 0.0, 0.5187972187995911, 0.6187130212783813, 0.0, 0.0, 0.0, 0.0, 0.0, 0.0, 0.0, 0.0, 0.0, 0.0, 0.0, 0.0, 0.0, 0.0, 0.0, 0.0, 0.0, 0.0, 0.0, 0.0, 0.0, 0.0, 0.596451461315155, 0.9772355556488037, 0.0, 0.0, 0.0, 0.0, 0.0, 0.0, 0.0, 0.0, 0.0, 0.0, 0.0, 0.0, 0.9074555039405823, 0.0, 0.0, 0.0, 0.0, 0.6471602320671082, 0.0, 0.6997617483139038, 0.0, 0.0, 0.0, 0.0, 0.0, 0.0, 0.0, 0.0, 0.0, 0.0, 0.0, 0.0, 0.0, 0.0, 0.0, 0.0, 0.0, 0.9452932476997375, 0.7146956920623779, 0.0, 0.755156934261322, 0.0, 0.0, 0.0, 0.0, 0.0, 0.0, 0.0, 0.0, 0.0, 0.0, 0.0, 0.0, 0.0, 0.0, 0.0, 0.0, 0.0, 0.0, 0.7550206184387207, 0.0, 0.8474182486534119, 0.0, 0.0, 0.0, 0.0, 0.0, 0.0, 0.0, 0.0, 0.0, 0.0, 0.0, 0.0, 0.0, 0.0, 0.0, 0.0, 0.0, 0.0, 0.8430542349815369, 0.0, 0.0, 0.0, 0.0, 0.0, 0.0, 0.0, 0.0, 0.0, 0.0, 0.0, 0.0, 0.0, 0.0, 0.0, 0.0, 0.0, 0.0, 0.0, 0.0, 0.0, 0.0, 0.5133175849914551, 0.0, 0.0, 0.0, 0.0, 0.0, 0.0, 0.0, 0.0, 0.0, 0.0, 0.0, 0.0, 0.0, 0.0, 0.0, 0.0, 0.0, 0.0, 0.5039544105529785, 0.0, 0.49271926283836365, 0.0, 0.0, 0.0, 0.0, 0.0, 0.0, 0.0, 0.0, 0.0, 0.0, 0.0, 0.0, 0.0, 0.0, 0.0, 0.0, 0.0, 0.0, 0.47055748105049133, 0.0, 0.4741935431957245, 0.0, 0.0, 0.0, 0.0, 0.0, 0.0, 0.0, 0.0, 0.0, 0.0, 0.0, 0.0, 0.0, 0.0, 0.0, 0.0, 0.0, 0.0, 0.5246394872665405, 0.0, 0.5052052140235901, 0.0, 0.0, 0.0, 0.0, 0.0, 0.0, 0.0, 0.0, 0.0, 0.0, 0.0, 0.0, 0.0, 0.0, 0.0, 0.0, 0.0, 0.0, 0.49822327494621277, 0.0)"
"(0.0, 0.8150215744972229, 0.0, 0.0, 0.0, 0.8106375336647034, 0.7792338728904724, 0.0, 0.0, 0.0, 0.0, 0.0, 0.0, 0.0, 0.0, 0.0, 0.0, 0.0, 0.0, 0.0, 0.8501322269439697, 0.0, 0.7703842520713806, 0.0, 0.0, 0.0, 0.7750161290168762, 0.0, 0.0, 0.0, 0.0, 0.0, 0.0, 0.0, 0.0, 0.0, 0.0, 0.0, 0.0, 0.0, 0.0, 0.7479426860809326, 0.0, 0.7181097269058228, 0.0, 0.0, 0.8466434478759766, 0.0, 0.5469984412193298, 0.8320963382720947, 0.0, 0.0, 0.0, 0.0, 0.0, 0.0, 0.0, 0.0, 0.0, 0.0, 0.0, 0.0, 0.7420634627342224, 0.0, 0.0, 0.0, 0.0, 0.0, 0.6750324964523315, 0.0, 0.0, 0.0, 0.0, 0.0, 0.0, 0.0, 0.0, 0.0, 0.0, 0.0, 0.0, 0.0, 0.0, 0.0, 0.0, 0.0, 0.0, 0.0, 0.0, 0.0, 0.0, 0.0, 0.0, 0.0, 0.0, 0.0, 0.0, 0.0, 0.0, 0.0, 0.7471683621406555, 0.0, 0.0, 0.0, 0.0, 0.0, 0.9339811205863953, 0.0, 0.0, 0.0, 0.0, 0.9890416264533997, 0.0, 0.0, 0.0, 0.0, 0.0, 0.0, 0.0, 0.0, 0.7846208810806274, 0.7586312294006348, 0.8341974020004272, 0.0, 0.0, 0.9603305459022522, 0.0, 0.8742824196815491, 0.0, 0.0, 0.0, 0.0, 0.0, 0.0, 0.0, 0.0, 0.0, 0.0, 0.0, 0.0, 0.0, 0.0, 0.0, 0.0, 0.0, 0.0, 0.8672435879707336, 0.0, 0.0, 0.5600181818008423, 0.0, 0.0, 0.0, 0.0, 0.0, 0.0, 0.0, 0.0, 0.0, 0.0, 0.0, 0.0, 0.5618776082992554, 0.5784474015235901, 0.0, 0.0, 0.0, 0.0, 0.0, 0.7014501094818115, 0.0, 0.0, 0.0, 0.0, 0.0, 0.0, 0.0, 0.0, 0.0, 0.0, 0.0, 0.0, 0.7177056670188904, 0.0, 0.0, 0.0, 0.0, 0.5804355144500732, 0.7059904932975769, 0.0, 0.0, 0.0, 0.0, 0.0, 0.0, 0.0, 0.0, 0.0, 0.0, 0.0, 0.0, 0.0, 0.0, 0.0, 0.0, 0.0, 0.0, 0.0, 0.0, 0.0, 0.0, 0.6840997338294983, 0.9565377235412598, 0.0, 0.0, 0.0, 0.0, 0.0, 0.0, 0.0, 0.0, 0.0, 0.0, 0.0, 0.0, 0.9743931889533997, 0.0, 0.9600914120674133, 0.0, 0.0, 0.7128105163574219, 0.0, 0.7847842574119568, 0.0, 0.0, 0.0, 0.0, 0.0, 0.0, 0.0, 0.0, 0.0, 0.0, 0.0, 0.0, 0.0, 0.0, 0.0, 0.0, 0.0, 0.9644640684127808, 0.7465945482254028, 0.0, 0.8165726065635681, 0.0, 0.0, 0.0, 0.0, 0.0, 0.0, 0.0, 0.0, 0.0, 0.0, 0.0, 0.0, 0.0, 0.0, 0.0, 0.0, 0.0, 0.0, 0.8325721621513367, 0.0, 0.880992591381073, 0.0, 0.0, 0.0, 0.0, 0.0, 0.0, 0.0, 0.0, 0.0, 0.0, 0.0, 0.0, 0.0, 0.0, 0.0, 0.0, 0.0, 0.0, 0.9323726296424866, 0.0, 0.0, 0.0, 0.0, 0.0, 0.0, 0.0, 0.0, 0.0, 0.0, 0.0, 0.0, 0.0, 0.0, 0.0, 0.0, 0.0, 0.0, 1.0225050449371338, 0.0, 0.0, 0.0, 0.5133175849914551, 0.0, 0.0, 0.0, 0.0, 0.0, 0.0, 0.0, 0.0, 0.0, 0.0, 0.0, 0.0, 0.0, 0.0, 0.0, 0.0, 0.0, 0.0, 0.5383437871932983, 0.0, 0.5011084675788879, 0.0, 0.0, 0.0, 0.0, 0.0, 0.0, 0.0, 0.0, 0.0, 0.0, 0.0, 0.0, 0.0, 0.0, 0.0, 0.0, 0.0, 0.0, 0.5251115560531616, 0.0, 0.48080912232398987, 0.0, 0.0, 0.0, 0.0, 0.0, 0.0, 0.0, 0.0, 0.0, 0.0, 0.0, 0.0, 0.0, 0.0, 0.0, 0.0, 0.0, 0.0, 0.4933263957500458, 0.0, 0.4858925938606262, 0.0, 0.0, 0.0, 0.0, 0.0, 0.0, 0.0, 0.0, 0.0, 0.0, 0.0, 0.0, 0.0, 0.0, 0.0, 0.0, 0.0, 0.0, 0.5209683775901794, 0.0)"
"(0.0, 0.8289709091186523, 0.0, 0.0, 0.0, 0.8120668530464172, 0.7873485684394836, 0.0, 0.0, 0.0, 0.0, 0.0, 0.0, 0.0, 0.0, 0.0, 0.0, 0.0, 0.0, 0.0, 0.8279262185096741, 0.0, 0.8307091593742371, 0.0, 0.0, 0.0, 0.7650004029273987, 0.0, 0.0, 0.0, 0.0, 0.0, 0.0, 0.0, 0.0, 0.0, 0.0, 0.0, 0.0, 0.0, 0.0, 0.7924137115478516, 0.0, 0.6919354200363159, 0.0, 0.0, 0.9033583998680115, 0.0, 0.49870407581329346, 0.8400002717971802, 0.0, 0.0, 0.0, 0.0, 0.0, 0.0, 0.0, 0.0, 0.0, 0.0, 0.0, 0.0, 0.741643488407135, 0.0, 0.0, 0.0, 0.0, 0.0, 0.6683763265609741, 0.0, 0.0, 0.0, 0.0, 0.0, 0.0, 0.0, 0.0, 0.0, 0.0, 0.0, 0.0, 0.0, 0.0, 0.0, 0.0, 0.0, 0.0, 0.0, 0.0, 0.0, 0.0, 0.0, 0.0, 0.0, 0.0, 0.0, 0.0, 0.0, 0.0, 0.0, 0.8266764879226685, 0.0, 0.0, 0.0, 0.0, 0.0, 0.9837679862976074, 0.0, 0.0, 0.0, 0.0, 0.0, 0.0, 0.0, 0.0, 0.0, 0.0, 0.0, 0.0, 0.0, 0.8299351334571838, 0.7372968792915344, 0.8773504495620728, 0.0, 0.0, 0.9739817976951599, 0.0, 0.0, 0.0, 0.0, 0.0, 0.0, 0.0, 0.0, 0.0, 0.0, 0.0, 0.0, 0.0, 0.0, 0.0, 0.0, 0.0, 0.0, 0.0, 0.0, 1.0014817714691162, 0.0, 0.0, 0.6154757738113403, 0.0, 0.0, 0.0, 0.0, 0.0, 0.0, 0.0, 0.0, 0.0, 0.0, 0.0, 0.0, 0.4971267282962799, 0.6123043298721313, 0.0, 0.0, 0.0, 0.0, 0.0, 0.8307816386222839, 0.0, 0.0, 0.0, 0.0, 0.0, 0.0, 0.0, 0.0, 0.0, 0.0, 0.0, 0.0, 0.8166752457618713, 0.0, 0.0, 0.0, 0.0, 0.6459763646125793, 0.7787066102027893, 0.0, 0.0, 0.0, 0.0, 0.0, 0.0, 0.0, 0.0, 0.0, 0.0, 0.0, 0.0, 0.0, 0.0, 0.0, 0.0, 0.0, 0.0, 0.0, 0.0, 0.0, 0.0, 0.7122265696525574, 0.9287363886833191, 0.0, 0.0, 0.0, 0.0, 0.0, 0.0, 0.0, 0.0, 0.0, 0.0, 0.0, 0.0, 0.0, 0.0, 0.9812394380569458, 0.0, 0.0, 0.7245261073112488, 0.0, 0.7718148231506348, 0.0, 0.0, 0.0, 0.0, 0.0, 0.0, 0.0, 0.0, 0.0, 0.0, 0.0, 0.0, 0.0, 0.0, 1.0202293395996094, 0.0, 0.0, 0.9965944886207581, 0.7843295335769653, 0.0, 0.8894689083099365, 0.0, 0.49520137906074524, 0.6653280258178711, 0.0, 0.0, 0.0, 0.0, 0.0, 0.0, 0.0, 0.0, 0.0, 0.0, 0.0, 0.0, 0.0, 0.0, 0.0, 0.8475496768951416, 0.0, 0.9478422403335571, 0.0, 0.6841405630111694, 0.5879292488098145, 0.8697555065155029, 0.0, 0.0, 0.0, 0.0, 0.0, 0.0, 0.0, 0.0, 0.0, 0.0, 0.0, 0.0, 0.0, 0.0, 0.9325544834136963, 0.0, 0.0, 0.0, 0.0, 0.7714930176734924, 0.7338273525238037, 0.0, 0.0, 0.0, 0.0, 0.0, 0.0, 0.0, 0.0, 0.0, 0.0, 0.0, 0.0, 1.0225050449371338, 0.0, 0.0, 0.0, 0.4982362389564514, 0.0, 0.0, 0.0, 0.0, 0.0, 0.0, 0.0, 0.0, 0.0, 0.0, 0.0, 0.0, 0.0, 0.0, 0.0, 0.0, 0.0, 0.0, 0.5158460140228271, 0.0, 0.48808109760284424, 0.0, 0.0, 0.0, 0.0, 0.0, 0.0, 0.0, 0.0, 0.0, 0.0, 0.0, 0.0, 0.0, 0.0, 0.0, 0.0, 0.0, 0.0, 0.5088752508163452, 0.0, 0.4808116853237152, 0.0, 0.0, 0.0, 0.0, 0.0, 0.0, 0.0, 0.0, 0.0, 0.0, 0.0, 0.0, 0.0, 0.0, 0.0, 0.0, 0.0, 0.0, 0.51228928565979, 0.0, 0.5101327896118164, 0.0, 0.0, 0.0, 0.0, 0.0, 0.0, 0.0, 0.0, 0.0, 0.0, 0.0, 0.0, 0.0, 0.0, 0.0, 0.0, 0.0, 0.0, 0.5064712166786194, 0.0)"
"(0.0, 0.8727450966835022, 0.0, 0.0, 0.0, 0.8427469730377197, 0.8061591982841492, 0.0, 0.0, 0.0, 0.0, 0.0, 0.0, 0.0, 0.0, 0.0, 0.0, 0.0, 0.0, 0.0, 0.9076949954032898, 0.0, 0.8402873873710632, 0.0, 0.0, 0.0, 0.7906986474990845, 0.0, 0.0, 0.0, 0.0, 0.0, 0.0, 0.0, 0.0, 0.0, 0.0, 0.0, 0.0, 0.0, 0.0, 0.8108227252960205, 0.0, 0.6659442186355591, 0.0, 0.0, 0.9185100197792053, 0.0, 0.4510819911956787, 0.8457161784172058, 0.0, 0.0, 0.0, 0.0, 0.0, 0.0, 0.0, 0.0, 0.0, 0.0, 0.0, 0.0, 0.6586431264877319, 0.0, 0.0, 0.0, 0.0, 0.0, 0.6481847167015076, 0.0, 0.0, 0.0, 0.0, 0.0, 0.0, 0.0, 0.0, 0.0, 0.0, 0.0, 0.0, 0.0, 0.0, 0.0, 0.0, 0.0, 0.0, 0.0, 0.0, 0.0, 0.0, 0.0, 0.0, 0.0, 0.0, 0.0, 0.0, 0.0, 0.0, 0.0, 0.8360360860824585, 0.0, 0.0, 0.0, 0.0, 0.0, 0.9972630739212036, 0.0, 0.0, 0.0, 0.0, 0.0, 0.0, 0.0, 0.0, 0.0, 0.0, 0.0, 0.0, 0.0, 0.8482281565666199, 0.7701606750488281, 0.9219948053359985, 0.0, 0.0, 0.9918586015701294, 0.0, 0.0, 0.0, 0.0, 0.0, 0.0, 0.0, 0.0, 0.0, 0.0, 0.0, 0.0, 0.0, 0.0, 0.0, 0.0, 0.0, 0.0, 0.0, 0.0, 0.0, 0.0, 0.0, 0.6156497597694397, 0.0, 0.0, 0.6938064098358154, 0.8366996049880981, 0.0, 0.9616588354110718, 0.9440666437149048, 0.0, 0.0, 0.0, 0.0, 0.0, 0.4327582120895386, 0.6067256927490234, 0.0, 0.0, 0.0, 0.0, 0.0, 0.8337438106536865, 0.0, 0.0, 0.0, 0.0, 0.0, 0.0, 0.0, 0.0, 0.0, 0.0, 0.0, 0.0, 0.8366677761077881, 0.0, 0.0, 0.0, 0.0, 0.6346960067749023, 0.774925708770752, 0.0, 0.0, 0.0, 0.0, 0.0, 0.0, 0.0, 0.0, 0.0, 0.0, 0.0, 0.0, 0.0, 0.0, 0.0, 0.0, 0.0, 0.0, 0.0, 0.0, 0.0, 0.0, 0.46521997451782227, 1.0091636180877686, 0.0, 0.0, 0.9103745818138123, 0.0, 0.0, 0.0, 0.0, 0.0, 0.0, 0.0, 0.0, 0.0, 0.9511536359786987, 0.0, 0.9319903254508972, 0.0, 0.0, 0.47349628806114197, 0.0, 0.6041133999824524, 0.0, 0.0, 0.682878851890564, 0.0, 0.0, 0.0, 0.0, 0.0, 0.0, 0.0, 0.0, 0.0, 0.0, 0.0, 0.5058196187019348, 0.0, 0.0, 0.9844176173210144, 0.5447717905044556, 0.0, 0.834434986114502, 0.0, 0.25502750277519226, 0.5634483695030212, 0.0, 0.0, 0.0, 0.0, 0.0, 0.0, 0.0, 0.0, 0.0, 0.0, 0.7184244394302368, 0.0, 0.8804036378860474, 0.0, 0.0, 0.8975724577903748, 0.0, 1.0164844989776611, 0.8975214958190918, 0.45030784606933594, 0.37499621510505676, 0.7569453716278076, 0.0, 0.0, 0.0, 0.0, 0.0, 0.0, 0.0, 0.0, 0.0, 0.0, 0.0, 0.0, 0.0, 0.0, 0.9670106768608093, 0.0, 0.0, 0.0, 0.0, 0.7714930176734924, 0.7338273525238037, 0.0, 0.0, 0.0, 0.0, 0.0, 0.0, 0.0, 0.0, 0.0, 0.0, 0.9335828423500061, 0.957726240158081, 0.42575687170028687, 0.9907910823822021, 0.0, 0.0, 0.4984622001647949, 0.0, 0.0, 0.0, 0.0, 0.0, 0.0, 0.0, 0.0, 0.0, 0.0, 0.0, 0.0, 0.0, 0.0, 0.0, 0.6018322706222534, 0.544455349445343, 0.0, 0.5318682789802551, 0.0, 0.5159120559692383, 0.0, 0.0, 0.0, 0.0, 0.0, 0.0, 0.0, 0.0, 0.0, 0.0, 0.0, 0.0, 0.0, 0.0, 0.0, 0.4148910343647003, 0.9950719475746155, 0.0, 0.5063319206237793, 0.0, 0.5167327523231506, 0.0, 0.0, 0.0, 0.0, 0.0, 0.0, 0.0, 0.0, 0.0, 0.0, 0.0, 0.0, 0.0, 0.0, 0.7506059408187866, 0.6112775802612305, 0.0, 0.0, 0.4893144965171814, 0.0, 0.5378186702728271, 0.0, 0.0, 0.0, 0.0, 0.0, 0.0, 0.0, 0.0, 0.0, 0.0, 0.0, 0.0, 0.0, 0.0, 0.5600329041481018, 0.0, 0.0, 0.0, 0.512367844581604, 0.0)"
"(0.0, 0.8913511633872986, 0.0, 0.0, 0.0, 0.7783693671226501, 0.8379206657409668, 0.0, 0.0, 0.0, 0.0, 0.0, 0.0, 0.0, 0.0, 0.0, 0.0, 0.0, 0.0, 0.0, 0.9483466148376465, 0.0, 0.8577653765678406, 0.9852631688117981, 0.0, 0.0, 0.8386293649673462, 0.0, 0.0, 0.0, 0.0, 0.0, 0.0, 0.0, 0.0, 0.0, 0.0, 0.0, 0.0, 0.0, 0.0, 0.8669295907020569, 0.0, 0.5897493958473206, 0.0, 0.0, 0.0, 0.9676032066345215, 0.37350696325302124, 0.8180771470069885, 0.0, 0.0, 0.0, 0.0, 0.0, 0.0, 0.0, 0.0, 0.0, 0.0, 0.0, 0.0, 0.5768961906433105, 0.0, 0.0, 0.0, 0.0, 0.0, 0.5289584994316101, 0.0, 0.0, 0.0, 0.0, 0.0, 0.0, 0.0, 0.0, 0.0, 0.0, 0.0, 0.0, 0.0, 0.0, 0.0, 0.0, 0.0, 0.0, 0.0, 0.0, 0.0, 0.0, 0.0, 0.0, 0.0, 0.0, 0.0, 0.0, 0.0, 0.0, 0.0, 0.7757489681243896, 0.0, 0.0, 0.0, 0.0, 0.0, 0.9666621685028076, 0.0, 0.0, 0.0, 0.538745641708374, 0.8314021825790405, 0.0, 0.0, 0.0, 0.0, 0.0, 0.0, 0.0, 0.0, 0.8273013830184937, 0.7846248745918274, 1.023103952407837, 0.0, 0.0, 0.9834854602813721, 0.0, 0.9240384697914124, 0.0, 0.0, 0.8824369311332703, 0.6782516241073608, 0.743293821811676, 0.0, 0.0, 0.9461923837661743, 0.0, 0.0, 0.0, 0.0, 0.0, 0.0, 0.7941516637802124, 0.0, 0.0, 0.0, 0.9333122372627258, 0.0, 0.9398319721221924, 0.48331591486930847, 0.0, 0.9360445141792297, 0.36758625507354736, 0.6336807012557983, 0.0, 0.6285145282745361, 0.5380693674087524, 0.9137930870056152, 0.0, 0.0, 0.0, 0.0, 0.43199312686920166, 0.5591275691986084, 0.0, 0.0, 0.0, 0.9096104502677917, 0.0, 0.5871295928955078, 0.0, 0.0, 0.0, 0.0, 0.0, 0.0, 0.0, 0.0, 0.0, 0.0, 0.0, 0.0, 0.6654874086380005, 0.0, 0.0, 0.0, 0.0, 0.48901593685150146, 0.5276392102241516, 0.0, 0.0, 0.0, 0.8544417023658752, 0.5402745604515076, 0.0, 0.0, 0.724270761013031, 0.8379486203193665, 0.0, 0.0, 0.0, 0.0, 0.0, 0.0, 0.0, 0.5223773121833801, 0.7789316177368164, 0.0, 0.0, 0.0, 0.0, 0.4594409763813019, 0.0, 0.0, 0.0, 0.9354832172393799, 0.0, 0.0, 0.0, 0.0, 0.0, 0.0, 0.0, 0.0, 0.0, 0.8721967339515686, 0.5026367902755737, 0.9591463804244995, 0.0, 0.0, 0.44913750886917114, 0.0, 0.5588474869728088, 0.0, 0.0, 0.4830510914325714, 0.9966322183609009, 0.0, 0.0, 0.0, 0.0, 0.0, 0.8316385746002197, 0.0, 0.0, 0.0, 0.6756716370582581, 0.36182335019111633, 0.0, 0.8518806099891663, 0.0, 0.5463096499443054, 0.0, 0.8933262825012207, 0.0, 0.3368055820465088, 0.52057284116745, 0.0, 0.0, 0.0, 0.0, 0.0, 0.0, 0.0, 0.0, 0.0, 0.0, 0.5933531522750854, 0.0, 0.5579432845115662, 0.0, 0.0, 0.8681781888008118, 0.0, 0.0, 0.9250888228416443, 0.4753641188144684, 0.3501783013343811, 0.8653392195701599, 0.0, 0.0, 0.0, 0.0, 0.0, 0.0, 0.0, 0.0, 0.0, 0.0, 0.0, 0.0, 0.0, 0.0, 0.9670106768608093, 0.0, 0.0, 0.0, 0.88724285364151, 0.4087042808532715, 0.4582803249359131, 0.0, 0.0, 0.0, 0.0, 0.0, 0.0, 0.0, 0.8066511154174805, 0.0, 0.0, 0.9270086884498596, 0.6251252889633179, 0.28276148438453674, 0.8976469039916992, 0.0, 0.0, 0.503207266330719, 0.0, 0.0, 0.0, 0.0, 0.0, 0.0, 0.0, 0.0, 0.0, 0.0, 0.6920996904373169, 0.0, 0.0, 0.0, 0.0, 0.5530261397361755, 0.45707666873931885, 0.0, 0.5578008890151978, 0.0, 0.5763171315193176, 0.0, 0.0, 0.0, 0.0, 0.0, 0.0, 0.0, 0.0, 0.0, 0.0, 0.0, 0.0, 0.0, 0.0, 0.0, 0.33584079146385193, 0.8541266322135925, 0.0, 0.5657519102096558, 0.0, 0.5418333411216736, 0.0, 0.0, 0.0, 0.0, 0.0, 0.0, 0.0, 0.0, 0.0, 0.0, 0.0, 0.0, 0.0, 0.0, 0.7875925898551941, 0.4399670362472534, 0.0, 0.0, 0.5186835527420044, 0.0, 0.5221492052078247, 0.0, 0.0, 0.0, 0.0, 0.0, 0.0, 0.0, 0.0, 0.0, 0.0, 0.0, 0.0, 0.0, 0.0, 0.4050271809101105, 0.0, 0.0, 0.0, 0.5136529207229614, 0.0)"
"(0.0, 0.9661107063293457, 0.0, 0.0, 0.0, 0.5655138492584229, 0.8210548758506775, 0.0, 0.0, 0.0, 0.7425460815429688, 0.0, 0.0, 0.0, 0.0, 0.0, 0.0, 0.0, 0.0, 0.0, 0.9490301012992859, 0.0, 0.8939862251281738, 0.0, 0.0, 0.0, 0.6128777861595154, 0.0, 0.0, 0.0, 0.0, 0.9943555593490601, 0.0, 0.0, 0.0, 0.0, 0.0, 0.0, 0.0, 0.0, 0.0, 0.8820468187332153, 0.0, 0.5948246121406555, 0.0, 0.0, 0.957019031047821, 0.4353635609149933, 0.5165927410125732, 0.5806964039802551, 0.0, 0.0, 0.5854694843292236, 0.9545069336891174, 0.0, 0.9272393584251404, 0.8024283647537231, 0.0, 0.0, 0.0, 0.0, 0.0, 0.6235345602035522, 0.0, 0.0, 0.0, 0.0, 0.9826687574386597, 0.5198640823364258, 0.9349362850189209, 0.0, 0.0, 0.0, 0.0, 0.0, 0.0, 0.0, 0.0, 0.0, 0.0, 0.0, 0.0, 0.0, 0.0, 0.0, 0.0, 0.0, 0.0, 0.0, 0.0, 0.0, 0.0, 0.0, 0.0, 0.0, 0.0, 0.0, 0.0, 0.0, 0.0, 0.5027552247047424, 0.0, 0.0, 0.0, 0.0, 0.0, 0.9681652188301086, 0.0, 0.0, 0.0, 0.5415085554122925, 0.9450232982635498, 0.0, 0.0, 0.0, 0.0, 0.0, 0.0, 0.0, 0.0, 0.7242403626441956, 0.4676011800765991, 0.9424532055854797, 0.0, 0.0, 0.95234215259552, 0.0, 0.0, 0.0, 0.0, 0.5557119846343994, 0.37573543190956116, 0.6767106652259827, 0.0, 0.0, 0.7073862552642822, 0.0, 0.0, 0.0, 0.0, 0.0, 0.0, 0.3976210653781891, 0.9581480622291565, 0.0, 0.0, 0.0, 0.0, 0.5962876081466675, 0.5087277889251709, 0.0, 1.0017406940460205, 0.4535982608795166, 0.6427366137504578, 0.0, 0.7006241083145142, 0.4220294952392578, 0.9856158494949341, 0.0, 0.0, 0.0, 0.0, 0.5262669920921326, 0.6069656014442444, 0.0, 0.0, 0.0, 0.6362883448600769, 0.0, 0.4735870063304901, 0.0, 0.0, 0.9834241271018982, 1.0175025463104248, 0.0, 0.0, 0.0, 0.0, 0.0, 0.0, 0.0, 0.0, 0.7251748442649841, 0.0, 0.0, 0.0, 0.0, 0.5280668139457703, 0.5080081820487976, 0.0, 0.0, 0.0, 0.9157571792602539, 0.5592772364616394, 0.0, 0.0, 0.7727268934249878, 0.6132102012634277, 0.9407970309257507, 0.0, 0.5883704423904419, 0.8815069794654846, 0.0, 0.0, 0.0, 0.5392670631408691, 0.5081354379653931, 0.0, 0.0, 0.0, 0.0, 0.46356770396232605, 0.0, 0.0, 0.0, 0.8144875764846802, 0.0, 0.0, 0.0, 0.0, 0.9562686681747437, 0.6918594241142273, 1.0104880332946777, 0.0, 0.0, 1.0281641483306885, 0.3631933331489563, 0.0, 0.0, 0.0, 0.45926716923713684, 0.0, 0.5704495310783386, 0.0, 0.0, 0.38226044178009033, 0.8880610466003418, 0.0, 0.0, 0.0, 0.0, 0.7873072028160095, 0.4650779962539673, 0.9273678064346313, 0.0, 0.0, 0.6773791909217834, 0.43663495779037476, 0.9937261939048767, 0.9645334482192993, 0.0, 0.601764440536499, 0.0, 0.8528955578804016, 0.0, 0.28926903009414673, 0.4498427212238312, 0.0, 0.0, 0.0, 0.0, 0.0, 1.0045745372772217, 0.0, 0.0, 0.0, 0.0, 0.5933531522750854, 0.0, 0.5579432845115662, 0.0, 0.0, 0.8681781888008118, 0.0, 0.0, 0.9250888228416443, 0.4753641188144684, 0.3501783013343811, 0.8653392195701599, 0.0, 0.0, 0.0, 0.0, 0.0, 0.0, 0.0, 0.0, 0.0, 0.0, 0.0, 0.0, 0.0, 0.0, 0.0, 0.0, 0.0, 0.0, 0.7921655178070068, 0.4187418818473816, 0.45509564876556396, 0.0, 0.0, 0.0, 0.0, 0.0, 0.0, 0.7619218826293945, 0.6456058025360107, 0.0, 0.0, 0.8859869837760925, 0.4132623076438904, 0.3011527359485626, 0.9115020036697388, 0.0, 0.0, 0.46966564655303955, 0.0, 0.0, 0.0, 0.0, 0.0, 0.9333094954490662, 0.0, 0.0, 0.0, 0.0, 0.42991402745246887, 0.0, 0.7991066575050354, 0.0, 0.9156255125999451, 0.47594892978668213, 0.5085317492485046, 0.0, 0.49579083919525146, 0.0, 0.7852446436882019, 0.0, 0.0, 0.0, 0.0, 0.0, 0.0, 0.0, 0.0, 0.0, 0.9373135566711426, 0.0, 0.8359860777854919, 0.0, 0.0, 0.0, 0.39285361766815186, 0.78934246301651, 0.0, 0.857337236404419, 0.0, 0.5374497175216675, 0.0, 0.0, 0.0, 0.0, 0.0, 0.0, 0.0, 0.0, 0.0, 0.0, 0.0, 0.0, 0.0, 0.0, 0.8703564405441284, 0.37831705808639526, 0.0, 0.0, 0.48868852853775024, 0.0, 0.5165326595306396, 0.0, 0.0, 0.0, 0.0, 0.0, 0.0, 0.0, 0.0, 0.0, 0.0, 0.0, 0.0, 0.0, 0.0, 0.4632962942123413, 0.0, 0.0, 0.0, 0.5110252499580383, 0.0)"
"(0.0, 0.9462365508079529, 0.0, 0.0, 0.0, 0.262405127286911, 0.7933875322341919, 0.0, 0.0, 0.0, 0.5791701078414917, 1.0063202381134033, 0.0, 0.0, 0.0, 0.0, 0.0, 0.0, 0.0, 0.0, 0.9190866351127625, 0.0, 0.8070510625839233, 0.9173277616500854, 0.0, 0.0, 0.31327763199806213, 0.0, 0.0, 0.0, 0.75225430727005, 0.735348105430603, 0.759209930896759, 0.0, 0.0, 0.9286193251609802, 0.0, 0.0, 0.0, 0.0, 0.0, 0.80992591381073, 0.0, 0.38170066475868225, 0.0, 0.0, 0.9260158538818359, 0.49505341053009033, 0.5621374249458313, 0.8816215395927429, 0.0, 1.0014084577560425, 0.5004289150238037, 0.9974544644355774, 0.0, 0.7926744818687439, 0.7092880606651306, 0.0, 0.0, 0.0, 0.0, 0.9241062998771667, 0.4543822407722473, 0.0, 0.0, 0.0, 0.0, 0.8038032650947571, 0.6548113226890564, 0.0, 0.0, 0.0, 0.8648260831832886, 0.0, 0.0, 0.0, 0.0, 0.0, 0.0, 0.0, 0.0, 0.0, 0.0, 0.0, 0.0, 0.0, 0.0, 0.0, 0.0, 0.0, 0.0, 0.0, 0.0, 0.0, 0.0, 0.0, 0.0, 0.0, 0.0, 0.0, 0.2975679039955139, 0.0, 0.0, 0.0, 0.0, 0.0, 0.9505705833435059, 0.0, 0.0, 0.0, 0.49878713488578796, 0.0, 0.0, 0.0, 0.0, 0.0, 0.0, 0.0, 0.0, 0.0, 0.8017148375511169, 0.2792828679084778, 0.8289785385131836, 0.0, 0.0, 0.9278789162635803, 0.0, 0.0, 0.0, 0.0, 0.5510246157646179, 0.45954039692878723, 0.6817799806594849, 0.0, 0.0, 0.7264646887779236, 0.0, 0.0, 0.0, 0.0, 0.0, 0.0, 0.5478935837745667, 0.8824933171272278, 0.0, 0.0, 0.0, 0.0, 0.47118908166885376, 0.5816473960876465, 0.0, 0.0, 0.5843979120254517, 0.48893454670906067, 0.0, 0.7336143255233765, 0.3938943147659302, 0.7931243181228638, 0.0, 0.0, 0.0, 0.0, 0.6056855320930481, 0.6747137904167175, 0.0, 0.0, 0.0, 0.4888850450515747, 0.0, 0.5776980519294739, 0.0, 0.0, 0.9502289295196533, 0.8044898509979248, 0.0, 0.0, 0.8727720975875854, 0.9663401246070862, 0.0, 0.0, 0.0, 0.0, 0.0, 0.0, 0.0, 0.0, 0.0, 0.5864449739456177, 0.5403797030448914, 0.0, 0.0, 0.0, 0.0, 0.5206743478775024, 0.0, 0.0, 0.8441888093948364, 0.4119115173816681, 0.726494550704956, 0.0, 0.5068439245223999, 0.7733379006385803, 0.0, 0.0, 0.0, 0.514663577079773, 0.5428773760795593, 0.0, 0.0, 0.0, 0.0, 0.5513848066329956, 0.0, 0.0, 0.0, 0.9813473224639893, 0.0, 0.0, 0.0, 0.0, 0.0, 0.7253687977790833, 0.8793072700500488, 0.0, 0.0, 0.0, 0.48226743936538696, 0.0, 0.0, 0.0, 0.5277764797210693, 0.0, 0.5564510822296143, 0.0, 0.0, 0.4597393572330475, 0.8753175735473633, 0.0, 0.0, 0.0, 0.0, 0.739172101020813, 0.361155241727829, 0.7382835745811462, 0.0, 0.0, 0.6644631028175354, 0.6587042212486267, 0.9317693114280701, 0.0, 0.0, 0.5030364990234375, 0.0, 0.8528955578804016, 0.0, 0.28926903009414673, 0.4498427212238312, 0.0, 0.0, 0.0, 0.0, 0.0, 1.0045745372772217, 0.0, 0.0, 0.0, 0.0, 0.5177871584892273, 0.9413129687309265, 0.4731791913509369, 0.0, 0.0, 0.8506812453269958, 0.0, 0.0, 0.9342806935310364, 0.4918210506439209, 0.43819594383239746, 0.9116108417510986, 0.0, 0.0, 0.0, 0.0, 0.0, 0.0, 0.0, 0.0, 0.0, 0.0, 0.9805024266242981, 0.0, 0.0, 0.0, 0.0, 0.0, 0.0, 0.0, 0.7717937231063843, 0.38712188601493835, 0.5057187676429749, 0.0, 0.8618520498275757, 0.7770075798034668, 0.0, 0.0, 0.0, 0.6930995583534241, 0.672961950302124, 0.0, 0.0, 0.8846606612205505, 0.40695419907569885, 0.32556822896003723, 0.8952904939651489, 0.0, 0.0, 0.4476826786994934, 0.0, 0.0, 0.0, 0.0, 0.0, 0.6976809501647949, 0.0, 0.0, 0.0, 0.0, 0.40128961205482483, 0.9125374555587769, 0.7724519968032837, 0.0, 0.8709896802902222, 0.46790146827697754, 0.463206946849823, 0.0, 0.48268982768058777, 0.0, 0.9103763103485107, 0.0, 0.0, 0.0, 0.0, 0.0, 0.0, 0.0, 0.0, 0.0, 0.8949599862098694, 0.998449444770813, 0.4433903396129608, 0.0, 0.0, 0.0, 0.447793573141098, 0.8048365712165833, 0.0, 0.8941830396652222, 0.0, 0.48385539650917053, 0.0, 0.0, 0.0, 0.0, 0.0, 0.0, 0.0, 0.0, 0.0, 0.0, 0.8207688331604004, 0.0, 0.0, 0.0, 0.9143599271774292, 0.4175088107585907, 0.0, 0.0, 0.4708497226238251, 0.0, 0.6084485650062561, 0.0, 0.0, 0.0, 0.0, 0.0, 0.0, 0.0, 0.0, 0.0, 0.0, 0.0, 0.0, 0.0, 0.0, 0.4612666368484497, 0.0, 0.0, 0.0, 0.6701411604881287, 0.0)"
"(0.0, 0.8983514904975891, 0.0, 0.0, 0.0, 0.2753916084766388, 0.6439868807792664, 0.0, 0.0, 0.0, 0.49663403630256653, 0.0, 0.0, 0.0, 0.0, 0.0, 0.0, 0.0, 0.0, 0.0, 0.8903671503067017, 0.0, 0.7861114144325256, 0.7750383615493774, 0.0, 0.0, 0.37602683901786804, 0.0, 0.0, 0.0, 0.7720272541046143, 0.7355008125305176, 0.7100897431373596, 0.0, 0.0, 0.0, 0.0, 0.0, 0.0, 0.0, 0.0, 0.762505829334259, 0.0, 0.3399692475795746, 0.0, 0.0, 0.0, 0.6683593988418579, 0.7662110328674316, 0.0, 0.0, 0.8238617181777954, 0.3995736539363861, 0.0, 0.0, 0.7126196026802063, 0.7532774806022644, 0.0, 0.0, 0.0, 0.0, 0.7354403138160706, 0.41748660802841187, 0.0, 0.0, 0.0, 0.0, 0.9472839832305908, 0.9393998384475708, 0.0, 0.0, 0.0, 0.7059915661811829, 0.0, 0.0, 0.0, 0.0, 0.0, 0.0, 0.0, 0.0, 0.0, 0.0, 0.0, 0.0, 0.0, 0.0, 0.0, 0.0, 0.0, 0.0, 0.0, 0.0, 0.0, 0.0, 0.0, 0.0, 0.0, 0.0, 0.6941258907318115, 0.30416640639305115, 0.0, 0.0, 0.0, 0.0, 0.0, 0.859453022480011, 0.0, 0.0, 0.0, 0.574162483215332, 0.0, 0.0, 0.0, 0.0, 0.0, 0.0, 0.0, 0.0, 0.0, 0.6413835883140564, 0.3652832508087158, 0.9572448134422302, 0.0, 0.0, 0.9049113392829895, 0.0, 0.0, 0.0, 0.0, 0.42950713634490967, 0.537756621837616, 0.673091471195221, 0.0, 0.0, 0.0, 0.0, 0.0, 0.0, 0.0, 0.0, 0.0, 0.740561842918396, 1.0142759084701538, 0.0, 0.0, 0.0, 0.0, 0.41328302025794983, 0.7269341349601746, 0.0, 0.0, 0.9001312255859375, 0.4466940760612488, 0.0, 0.8253915309906006, 0.4640941619873047, 0.7493877410888672, 0.0, 0.0, 0.0, 0.0, 0.8572381138801575, 0.9835866093635559, 0.0, 0.0, 0.0, 0.4581485986709595, 0.0, 0.5936803221702576, 0.0, 0.0, 0.0, 0.722686231136322, 0.0, 0.0, 0.885714054107666, 0.8159172534942627, 0.0, 0.0, 0.0, 0.0, 0.0, 0.0, 0.0, 0.0, 0.0, 0.7091572880744934, 0.6145082712173462, 0.0, 0.0, 0.0, 0.0, 0.652838408946991, 0.0, 0.0, 0.0, 0.37009361386299133, 0.5412349104881287, 0.0, 0.4124491810798645, 0.7863956689834595, 0.0, 0.0, 0.0, 0.6826193928718567, 0.4680158793926239, 0.0, 0.0, 0.0, 0.0, 0.7040495276451111, 0.9648357033729553, 0.0, 0.0, 0.0, 0.0, 0.0, 0.0, 0.0, 0.0, 0.7245016098022461, 0.8052393794059753, 0.9664112329483032, 0.0, 0.0, 0.488742858171463, 0.0, 0.0, 0.0, 0.7050167322158813, 0.0, 0.40922415256500244, 0.0, 0.0, 0.5657058954238892, 0.9900206327438354, 0.0, 0.0, 0.0, 0.0, 0.739172101020813, 0.361155241727829, 0.7382835745811462, 0.0, 0.0, 0.6644631028175354, 0.6587042212486267, 0.9317693114280701, 0.0, 0.0, 0.5030364990234375, 0.0, 0.9202404618263245, 0.0, 0.31252047419548035, 0.5218989849090576, 0.0, 0.0, 0.0, 0.0, 0.0, 0.0, 0.0, 0.0, 0.0, 0.0, 0.450402170419693, 0.7587082982063293, 0.46710753440856934, 0.0, 0.0, 0.9461847543716431, 0.0, 0.0, 0.9199191331863403, 0.4642627239227295, 0.43879684805870056, 0.9000133872032166, 0.0, 0.0, 0.0, 0.0, 0.0, 0.0, 0.0, 0.0, 0.0, 0.0, 0.0, 0.0, 0.0, 0.0, 0.0, 0.0, 0.0, 0.0, 0.0, 0.5590211153030396, 0.6377065777778625, 0.0, 0.9645854234695435, 0.6691769957542419, 0.0, 0.0, 0.0, 0.842185914516449, 0.7824887633323669, 0.0, 0.0, 0.9598933458328247, 0.454836368560791, 0.3428210914134979, 0.9311578273773193, 0.0, 0.0, 0.46546483039855957, 0.0, 0.0, 0.0, 0.0, 0.0, 0.7244817614555359, 0.0, 0.0, 0.0, 0.0, 0.4212079346179962, 0.8673252463340759, 0.905616283416748, 0.0, 0.917486310005188, 0.577880859375, 0.4976259469985962, 0.0, 0.4677395522594452, 0.0, 0.8969632983207703, 0.0, 0.0, 0.0, 0.0, 0.0, 0.0, 0.0, 0.0, 0.0, 0.7140672206878662, 0.8910380601882935, 0.38345685601234436, 0.0, 0.0, 0.0, 0.4074961245059967, 0.0, 0.0, 0.9127300381660461, 0.0, 0.4866796135902405, 0.0, 0.0, 0.0, 0.0, 0.0, 0.0, 0.0, 0.0, 0.0, 0.0, 0.6750403046607971, 0.0, 0.0, 0.0, 0.8900563716888428, 0.5912904143333435, 0.0, 0.0, 0.4811312258243561, 0.0, 0.0, 0.0, 0.0, 0.0, 0.0, 0.8567759990692139, 0.0, 0.0, 0.0, 0.0, 0.0, 0.0, 0.0, 0.0, 0.0, 0.7379845976829529, 0.0, 0.0, 0.0, 0.0, 0.0)"
"(0.0, 0.977504551410675, 0.0, 0.0, 0.0, 0.5479621291160583, 0.6968422532081604, 0.0, 0.0, 0.0, 0.5658189058303833, 0.0, 0.0, 0.0, 0.0, 0.0, 0.0, 0.0, 0.0, 0.0, 0.0, 0.0, 0.7835085391998291, 0.4385944604873657, 0.0, 0.0, 0.3338761329650879, 0.0, 0.0, 0.0, 0.845090925693512, 0.74131840467453, 0.59456866979599, 0.0, 0.0, 0.0, 0.0, 0.0, 0.0, 0.0, 0.0, 0.8167157769203186, 0.0, 0.4810209274291992, 0.0, 0.0, 0.0, 0.8298300504684448, 0.0, 0.0, 0.0, 0.8164797425270081, 0.4459264874458313, 0.0, 0.0, 0.6822344064712524, 0.8932726979255676, 0.0, 0.0, 0.0, 0.0, 0.39997103810310364, 0.49516814947128296, 0.0, 0.0, 0.0, 0.6730456352233887, 0.0, 0.0, 0.0, 0.0, 0.850365400314331, 0.49864867329597473, 0.0, 0.0, 0.0, 0.0, 0.0, 0.0, 0.0, 0.0, 0.0, 0.0, 0.0, 0.0, 0.0, 0.0, 0.0, 0.0, 0.0, 0.0, 0.0, 0.0, 0.0, 0.0, 0.0, 0.0, 0.0, 0.0, 0.6387910842895508, 0.5490155220031738, 0.0, 0.0, 0.0, 0.0, 0.0, 0.0, 0.0, 0.0, 0.0, 0.894987940788269, 0.0, 0.0, 0.0, 0.0, 0.0, 0.0, 0.0, 0.0, 0.0, 0.8448406457901001, 0.3184991180896759, 0.0, 0.6180023550987244, 0.0, 0.0, 0.0, 0.0, 0.0, 0.0, 0.5774220824241638, 0.6249904632568359, 0.7409564852714539, 0.0, 0.0, 0.0, 0.0, 0.0, 0.0, 0.0, 0.0, 0.0, 0.8788349032402039, 0.0, 0.0, 0.0, 0.0, 0.0, 0.5683286190032959, 0.0, 0.0, 0.0, 0.0, 0.37257978320121765, 0.0, 0.7767773270606995, 0.43562212586402893, 0.735556960105896, 0.0, 0.0, 0.0, 0.0, 0.0, 0.0, 0.0, 0.0, 0.0, 0.48093482851982117, 0.0, 0.7067305445671082, 0.0, 0.0, 0.0, 0.522333025932312, 0.0, 0.0, 0.9036797285079956, 0.45579326152801514, 0.0, 0.0, 0.0, 0.0, 0.0, 0.0, 0.0, 0.0, 0.0, 0.0, 0.7218125462532043, 0.0, 0.0, 0.0, 0.0, 0.0, 0.0, 0.0, 0.0, 0.7116767764091492, 0.6265701055526733, 0.0, 0.6690720915794373, 0.9640349745750427, 0.0, 0.0, 0.0, 0.0, 0.6142258048057556, 0.0, 0.0, 0.0, 0.0, 0.8127021789550781, 0.0, 0.0, 0.0, 0.0, 0.0, 0.0, 0.0, 0.0, 0.0, 0.7235763669013977, 0.9296665191650391, 0.8467487692832947, 0.0, 0.0, 0.7784107327461243, 0.0, 0.0, 0.0, 0.8027979135513306, 0.0, 0.40922415256500244, 0.0, 0.0, 0.5657058954238892, 0.9900206327438354, 0.0, 0.0, 0.0, 0.0, 0.5855239629745483, 0.4327385723590851, 0.5940283536911011, 0.0, 0.0, 0.6074613332748413, 0.9368411898612976, 0.0, 0.0, 1.0053175687789917, 0.3915470838546753, 0.0, 0.0, 0.0, 0.5348796248435974, 0.8568916916847229, 0.0, 0.0, 0.0, 0.0, 0.0, 0.0, 0.0, 0.0, 0.0, 0.0, 0.45126456022262573, 0.6823922395706177, 0.7161690592765808, 0.0, 0.0, 0.0, 0.0, 0.0, 0.9450415968894958, 0.4979589283466339, 0.47613707184791565, 0.9321007132530212, 0.0, 0.0, 0.0, 0.0, 0.0, 0.0, 0.0, 0.0, 0.0, 0.0, 0.0, 0.0, 0.0, 0.0, 0.0, 0.0, 0.0, 0.0, 0.0, 0.6208696961402893, 0.0, 0.0, 0.0, 0.7178010940551758, 0.0, 0.0, 0.0, 0.0, 0.7120299935340881, 0.0, 0.0, 0.0, 0.6142924427986145, 0.5048752427101135, 0.9106664657592773, 0.0, 0.0, 0.43651947379112244, 0.0, 0.0, 0.0, 0.0, 0.0, 0.8201704621315002, 0.0, 0.0, 0.0, 0.0, 0.42570212483406067, 0.8714419007301331, 0.0, 0.0, 0.0, 0.919284462928772, 0.47795844078063965, 0.0, 0.4300529956817627, 0.0, 0.9535136222839355, 0.0, 0.0, 0.0, 0.0, 0.0, 0.0, 0.0, 0.0, 0.0, 0.7668474316596985, 0.7263162732124329, 0.44651076197624207, 0.0, 0.0, 0.0, 0.4697999358177185, 0.0, 0.0, 0.9112012386322021, 0.0, 0.5349220633506775, 0.0, 0.0, 0.0, 0.0, 0.0, 0.0, 0.0, 0.0, 0.0, 0.0, 0.544445812702179, 0.0, 0.0, 0.0, 0.0, 0.5958742499351501, 0.0, 0.0, 0.5664436221122742, 0.0, 0.0, 0.0, 0.0, 0.0, 0.0, 0.7209585905075073, 0.0, 0.0, 0.0, 0.0, 0.0, 0.0, 0.0, 0.0, 0.0, 0.0, 0.0, 0.0, 0.0, 0.0, 0.0)"
"(0.0, 0.0, 0.0, 0.0, 0.0, 0.5616946816444397, 0.8642876148223877, 0.0, 0.0, 0.0, 0.7085625529289246, 0.0, 0.0, 0.0, 0.0, 0.0, 0.0, 0.0, 0.0, 0.0, 0.0, 0.0, 0.9795191287994385, 0.5261808633804321, 0.0, 0.0, 0.5569702386856079, 0.0, 0.0, 0.0, 0.0, 0.9000182151794434, 0.7127501964569092, 0.0, 0.0, 0.0, 0.0, 0.0, 0.0, 0.0, 0.0, 0.0, 0.0, 0.45834410190582275, 0.0, 0.0, 0.0, 0.0, 0.0, 0.0, 0.0, 0.0, 0.4529741108417511, 0.0, 0.0, 0.7582817673683167, 0.0, 0.0, 0.0, 0.0, 0.0, 0.5531022548675537, 0.5342631340026855, 0.0, 0.0, 0.0, 0.0, 0.0, 0.0, 0.0, 0.0, 0.0, 0.39048269391059875, 0.0, 0.0, 0.0, 0.0, 0.0, 0.0, 0.0, 0.0, 0.0, 0.0, 0.0, 0.0, 0.0, 0.0, 0.0, 0.0, 0.0, 0.0, 0.0, 0.0, 0.0, 0.0, 0.0, 0.0, 0.0, 0.0, 0.642970085144043, 0.6004486083984375, 0.0, 0.0, 0.0, 0.0, 0.0, 0.0, 0.0, 0.0, 0.0, 0.0, 0.0, 0.0, 0.0, 0.0, 0.0, 0.0, 0.0, 0.0, 0.0, 0.9333442449569702, 0.5701979398727417, 0.0, 0.0, 0.0, 0.0, 0.0, 0.0, 0.0, 0.0, 0.8578245639801025, 0.991848349571228, 0.0, 0.0, 0.0, 0.0, 0.0, 0.0, 0.0, 0.0, 0.0, 0.0, 0.0, 0.0, 0.0, 0.0, 0.0, 0.0, 0.6842947602272034, 0.0, 0.0, 0.0, 0.0, 0.5475177764892578, 0.0, 0.9392083883285522, 0.5920531749725342, 0.0, 0.0, 0.0, 0.0, 0.0, 0.0, 0.0, 0.0, 0.0, 0.0, 0.6936987042427063, 0.0, 0.0, 0.0, 0.0, 0.0, 0.5022786855697632, 0.0, 0.0, 0.0, 0.5604105591773987, 0.0, 0.0, 0.0, 0.0, 0.0, 0.0, 0.0, 0.0, 0.0, 0.0, 0.0, 0.0, 0.0, 0.0, 0.0, 0.0, 0.0, 0.0, 0.0, 0.8597868084907532, 0.6945617198944092, 0.0, 0.7497482299804688, 0.0, 0.0, 0.0, 0.0, 0.0, 0.8853178024291992, 0.0, 0.0, 0.0, 0.0, 0.7659309506416321, 0.0, 0.0, 0.0, 0.0, 0.0, 0.0, 0.0, 0.0, 0.0, 0.0, 0.0, 0.0, 0.0, 0.0, 0.0, 0.0, 0.0, 0.0, 0.8027979135513306, 0.0, 0.5278165936470032, 0.0, 0.0, 0.7933754920959473, 0.0, 0.0, 0.0, 0.0, 0.0, 0.5561417937278748, 0.4048776924610138, 0.4576314389705658, 0.0, 0.0, 0.8998144865036011, 0.0, 0.0, 0.0, 0.0, 0.6057308912277222, 0.0, 0.0, 0.0, 0.6669891476631165, 0.0, 0.0, 0.0, 0.0, 0.0, 0.0, 0.0, 0.0, 0.0, 0.0, 0.0, 0.3702564537525177, 0.49318039417266846, 0.0, 0.0, 0.0, 0.0, 0.0, 0.0, 0.96291184425354, 0.500359833240509, 0.642815351486206, 0.0, 0.0, 0.0, 0.0, 0.0, 0.0, 0.0, 0.0, 0.0, 0.0, 0.0, 0.0, 0.0, 0.0, 0.0, 0.0, 0.0, 0.0, 0.0, 0.0, 0.5084303021430969, 0.0, 0.0, 0.0, 0.7320694327354431, 0.0, 0.0, 0.0, 0.0, 0.8403690457344055, 0.0, 0.0, 0.0, 0.9965894222259521, 0.7405551671981812, 0.963952362537384, 0.0, 0.0, 0.459448903799057, 0.0, 0.0, 0.0, 0.0, 0.0, 0.9784236550331116, 0.0, 0.0, 0.0, 0.0, 0.521952211856842, 0.0, 0.0, 0.0, 0.0, 0.0, 0.5347577929496765, 0.0, 0.4653209149837494, 0.0, 0.0, 0.0, 0.0, 0.0, 0.0, 0.0, 0.0, 0.0, 0.0, 0.0, 0.9550289511680603, 0.4109087586402893, 0.8020671010017395, 0.0, 0.0, 0.0, 0.6377308964729309, 0.0, 0.0, 0.0, 0.0, 0.9411997199058533, 0.0, 0.0, 0.0, 0.0, 0.0, 0.0, 0.0, 0.0, 0.0, 0.0, 0.6803991794586182, 0.0, 0.0, 0.0, 0.0, 0.5429326891899109, 0.0, 0.0, 0.8385922312736511, 0.0, 0.0, 0.0, 0.0, 0.0, 0.0, 0.71595698595047, 0.0, 0.0, 0.0, 0.0, 0.0, 0.0, 0.0, 0.0, 0.0, 0.0, 0.0, 0.0, 0.0, 0.0, 0.0)"
"(0.0, 0.0, 0.0, 0.0, 0.0, 0.6560568809509277, 1.0078626871109009, 0.0, 0.0, 0.0, 0.7895939946174622, 0.0, 0.0, 0.0, 0.0, 0.0, 0.0, 0.0, 0.0, 0.0, 0.0, 0.0, 0.0, 0.5438876748085022, 0.0, 0.0, 0.6821494698524475, 0.0, 0.0, 0.0, 0.0, 0.0, 0.0, 0.0, 0.0, 0.0, 0.0, 0.0, 0.0, 0.0, 0.0, 0.0, 0.0, 0.6840298771858215, 0.0, 0.0, 0.0, 0.0, 0.0, 0.0, 0.0, 0.0, 0.7676957845687866, 0.0, 0.0, 0.0, 0.0, 0.0, 0.0, 0.0, 0.0, 0.5475497245788574, 0.663954496383667, 0.0, 0.0, 0.0, 0.0, 0.0, 0.0, 0.0, 0.0, 0.0, 0.6522256135940552, 0.0, 0.0, 0.0, 0.0, 0.0, 0.0, 0.0, 0.0, 0.0, 0.0, 0.0, 0.0, 0.0, 0.0, 0.0, 0.0, 0.0, 0.0, 0.0, 0.0, 0.0, 0.0, 0.0, 0.0, 0.0, 0.0, 0.6830442547798157, 0.6266147494316101, 0.0, 0.0, 0.0, 0.0, 0.0, 0.0, 0.0, 0.0, 0.0, 0.0, 0.0, 0.0, 0.0, 0.0, 0.0, 0.0, 0.0, 0.0, 0.0, 0.0, 0.709963858127594, 0.0, 0.0, 0.0, 0.0, 0.0, 0.0, 0.0, 0.0, 0.0, 0.0, 0.0, 0.0, 0.0, 0.0, 0.0, 0.0, 0.0, 0.0, 0.0, 0.0, 0.0, 0.0, 0.0, 0.0, 0.0, 0.0, 0.9061906933784485, 0.0, 0.0, 0.0, 0.0, 0.8178443908691406, 0.0, 0.0, 0.9341609477996826, 0.0, 0.0, 0.0, 0.0, 0.0, 0.0, 0.0, 0.0, 0.0, 0.0, 0.9146806597709656, 0.0, 0.0, 0.0, 0.0, 0.0, 0.4748770296573639, 0.0, 0.0, 0.0, 0.5778205394744873, 0.0, 0.0, 0.0, 0.0, 0.0, 0.0, 0.0, 0.0, 0.0, 0.0, 0.0, 0.0, 0.0, 0.0, 0.0, 0.0, 0.0, 0.0, 0.0, 0.9535208940505981, 0.8353240489959717, 0.0, 0.7872987389564514, 0.0, 0.0, 0.0, 0.0, 0.0, 0.0, 0.0, 0.0, 0.0, 0.0, 0.7901126146316528, 0.0, 0.0, 0.0, 0.0, 0.0, 0.0, 0.0, 0.0, 0.0, 0.0, 0.0, 0.0, 0.0, 0.0, 0.0, 0.0, 0.0, 0.0, 0.8152552247047424, 0.0, 0.9225640296936035, 0.0, 0.0, 0.0, 0.0, 0.0, 0.0, 0.0, 0.0, 0.0, 0.5362952351570129, 0.6197645664215088, 0.0, 0.0, 0.0, 0.0, 0.0, 0.0, 0.0, 0.9586302042007446, 0.0, 0.0, 0.0, 0.8932099342346191, 0.0, 0.0, 0.0, 0.0, 0.0, 0.0, 0.0, 0.0, 0.0, 0.0, 0.0, 0.5668467879295349, 0.5814340710639954, 0.0, 0.0, 0.0, 0.0, 0.0, 0.0, 0.0, 0.6496198177337646, 0.0, 0.0, 0.0, 0.0, 0.0, 0.0, 0.0, 0.0, 0.0, 0.0, 0.0, 0.0, 0.0, 0.0, 0.0, 0.0, 0.0, 0.0, 0.0, 0.0, 0.0, 0.5522577166557312, 0.0, 0.0, 0.0, 0.0, 0.0, 0.0, 0.0, 0.0, 0.0, 0.0, 0.0, 0.0, 0.0, 0.0, 0.0, 0.0, 0.0, 0.4696236252784729, 0.0, 0.0, 0.0, 0.0, 0.0, 0.0, 0.0, 0.0, 0.0, 0.0, 0.7523902654647827, 0.0, 0.0, 0.0, 0.0, 0.0, 0.7107973694801331, 0.0, 0.4156871736049652, 0.0, 0.0, 0.0, 0.0, 0.0, 0.0, 0.0, 0.0, 0.0, 0.0, 0.0, 0.0, 0.4854798913002014, 0.953640341758728, 0.0, 0.0, 0.0, 0.9502848982810974, 0.0, 0.0, 0.0, 0.0, 0.9279967546463013, 0.0, 0.0, 0.0, 0.0, 0.0, 0.0, 0.0, 0.0, 0.0, 0.0, 0.7611522674560547, 0.0, 0.0, 0.0, 0.0, 0.6229050159454346, 0.0, 0.0, 0.8490664958953857, 0.0, 0.0, 0.0, 0.0, 0.0, 0.0, 0.7092604637145996, 0.0, 0.0, 0.0, 0.0, 0.0, 0.0, 0.0, 0.0, 0.0, 0.0, 0.0, 0.0, 0.0, 0.0, 0.0)"
"(0.0, 0.0, 0.0, 0.0, 0.0, 0.6492874622344971, 0.0, 0.0, 0.0, 0.0, 0.8700374364852905, 0.0, 0.0, 0.0, 0.0, 0.0, 0.0, 0.0, 0.0, 0.0, 0.0, 0.0, 0.0, 0.525231122970581, 0.0, 0.0, 0.8001145720481873, 0.0, 0.0, 0.0, 0.0, 0.0, 0.0, 0.0, 0.0, 0.0, 0.0, 0.0, 0.0, 0.0, 0.0, 0.0, 0.0, 0.8846446871757507, 0.0, 0.0, 0.0, 0.0, 0.0, 0.0, 0.0, 0.0, 0.0, 0.0, 0.0, 0.0, 0.0, 0.0, 0.0, 0.0, 0.0, 0.5499711036682129, 0.8361179232597351, 0.0, 0.0, 0.0, 0.0, 0.0, 0.0, 0.0, 0.0, 0.0, 0.8266665935516357, 0.0, 0.0, 0.0, 0.0, 0.0, 0.0, 0.0, 0.0, 0.0, 0.0, 0.0, 0.0, 0.0, 0.0, 0.0, 0.0, 0.0, 0.0, 0.0, 0.0, 0.0, 0.0, 0.0, 0.0, 0.0, 0.0, 0.7133828401565552, 0.6621990203857422, 0.0, 0.0, 0.0, 0.0, 0.0, 0.0, 0.0, 0.0, 0.0, 0.0, 0.0, 0.0, 0.0, 0.0, 0.0, 0.0, 0.0, 0.0, 0.0, 0.0, 0.8250378966331482, 0.0, 0.0, 0.0, 0.0, 0.0, 0.0, 0.0, 0.0, 0.0, 0.0, 0.0, 0.0, 0.0, 0.0, 0.0, 0.0, 0.0, 0.0, 0.0, 0.0, 0.0, 0.0, 0.0, 0.0, 0.0, 0.0, 0.0, 0.0, 0.0, 0.0, 0.0, 0.0, 0.0, 0.0, 0.0, 0.0, 0.0, 0.0, 0.0, 0.0, 0.0, 0.0, 0.0, 0.0, 0.0, 0.0, 0.0, 0.0, 0.0, 0.0, 0.0, 0.5352759957313538, 0.0, 0.0, 0.0, 0.5728692412376404, 0.0, 0.0, 0.0, 0.0, 0.0, 0.0, 0.0, 0.0, 0.0, 0.0, 0.0, 0.0, 0.0, 0.0, 0.0, 0.0, 0.0, 0.0, 0.0, 0.0, 0.9389415979385376, 0.0, 0.86819988489151, 0.0, 0.0, 0.0, 0.0, 0.0, 0.0, 0.0, 0.0, 0.0, 0.0, 0.8017754554748535, 0.0, 0.0, 0.0, 0.0, 0.0, 0.0, 0.0, 0.0, 0.0, 0.0, 0.0, 0.0, 0.0, 0.0, 0.0, 0.0, 0.0, 0.0, 0.8323014378547668, 0.0, 0.8840714693069458, 0.0, 0.0, 0.0, 0.0, 0.0, 0.0, 0.0, 0.0, 0.0, 0.9832701683044434, 0.7195981740951538, 0.0, 0.0, 0.0, 0.0, 0.0, 0.0, 0.0, 0.9551252126693726, 0.0, 0.0, 0.0, 0.0, 0.0, 0.0, 0.0, 0.0, 0.0, 0.0, 0.0, 0.0, 0.0, 0.0, 0.0, 0.9571786522865295, 0.5682880878448486, 0.0, 0.0, 0.0, 0.0, 0.0, 0.0, 0.0, 0.7414275407791138, 0.0, 0.0, 0.0, 0.0, 0.0, 0.0, 0.0, 0.0, 0.0, 0.0, 0.0, 0.0, 0.0, 0.0, 0.0, 0.0, 0.0, 0.0, 0.0, 0.0, 0.0, 0.5614389181137085, 0.0, 0.0, 0.0, 0.0, 0.0, 0.0, 0.0, 0.0, 0.0, 0.0, 0.0, 0.0, 0.0, 0.0, 0.0, 0.0, 0.0, 0.688551664352417, 0.0, 0.0, 0.0, 0.0, 0.0, 0.0, 0.0, 0.0, 0.0, 0.0, 0.0, 0.0, 0.0, 0.0, 0.0, 0.0, 0.7431855201721191, 0.0, 0.6181980967521667, 0.0, 0.0, 0.0, 0.0, 0.0, 0.0, 0.0, 0.0, 0.0, 0.0, 0.0, 0.0, 0.5191056132316589, 0.0, 0.0, 0.0, 0.0, 0.0, 0.0, 0.0, 0.0, 0.0, 0.9175167679786682, 0.0, 0.0, 0.0, 0.0, 0.0, 0.0, 0.0, 0.0, 0.0, 0.0, 0.8553323149681091, 0.0, 0.0, 0.0, 0.0, 0.6056816577911377, 0.0, 0.0, 0.8361520171165466, 0.0, 0.0, 0.0, 0.0, 0.0, 0.0, 0.7315956950187683, 0.0, 0.0, 0.0, 0.0, 0.0, 0.0, 0.0, 0.0, 0.0, 0.0, 0.0, 0.0, 0.0, 0.0, 0.0)"
"(0.0, 0.0, 0.0, 0.0, 0.0, 0.743378221988678, 0.0, 0.0, 0.0, 0.0, 0.8331425786018372, 0.0, 0.0, 0.0, 0.0, 0.0, 0.0, 0.0, 0.0, 0.0, 0.0, 0.0, 0.0, 0.6069514155387878, 0.0, 0.0, 0.9490055441856384, 0.0, 0.0, 0.0, 0.0, 0.0, 0.0, 0.0, 0.0, 0.0, 0.0, 0.0, 0.0, 0.0, 0.0, 0.0, 0.0, 0.0, 0.0, 0.0, 0.0, 0.0, 0.0, 0.0, 0.0, 0.0, 0.0, 0.0, 0.0, 0.0, 0.0, 0.0, 0.0, 0.0, 0.0, 0.6015312075614929, 0.0, 0.0, 0.0, 0.0, 0.0, 0.0, 0.0, 0.0, 0.0, 0.0, 0.0, 0.0, 0.0, 0.0, 0.0, 0.0, 0.0, 0.0, 0.0, 0.0, 0.0, 0.0, 0.0, 0.0, 0.0, 0.0, 0.0, 0.0, 0.0, 0.0, 0.0, 0.0, 0.0, 0.0, 0.0, 0.0, 0.0, 0.7220803499221802, 0.7062960863113403, 0.0, 0.0, 0.0, 0.0, 0.0, 0.0, 0.0, 0.0, 0.0, 0.0, 0.0, 0.0, 0.0, 0.0, 0.0, 0.0, 0.0, 0.0, 0.0, 0.0, 0.9464269876480103, 0.0, 0.0, 0.0, 0.0, 0.0, 0.0, 0.0, 0.0, 0.0, 0.0, 0.0, 0.0, 0.0, 0.0, 0.0, 0.0, 0.0, 0.0, 0.0, 0.0, 0.0, 0.0, 0.0, 0.0, 0.0, 0.0, 0.0, 0.0, 0.0, 0.0, 0.0, 0.0, 0.0, 0.0, 0.0, 0.0, 0.0, 0.0, 0.0, 0.0, 0.0, 0.0, 0.0, 0.0, 0.0, 0.0, 0.0, 0.0, 0.0, 0.0, 0.0, 0.5798815488815308, 0.0, 0.0, 0.0, 0.567441463470459, 0.0, 0.0, 0.0, 0.0, 0.0, 0.0, 0.0, 0.0, 0.0, 0.0, 0.0, 0.0, 0.0, 0.0, 0.0, 0.0, 0.0, 0.0, 0.0, 0.0, 0.0, 0.0, 0.9119848608970642, 0.0, 0.0, 0.0, 0.0, 0.0, 0.0, 0.0, 0.0, 0.0, 0.0, 0.8017754554748535, 0.0, 0.0, 0.0, 0.0, 0.0, 0.0, 0.0, 0.0, 0.0, 0.0, 0.0, 0.0, 0.0, 0.0, 0.0, 0.0, 0.0, 0.0, 0.8135687112808228, 0.0, 0.0, 0.0, 0.0, 0.0, 0.0, 0.0, 0.0, 0.0, 0.0, 0.0, 0.0, 0.9054484367370605, 0.0, 0.0, 0.0, 0.0, 0.0, 0.0, 0.0, 0.0, 0.0, 0.0, 0.0, 0.0, 0.0, 0.0, 0.0, 0.0, 0.0, 0.0, 0.0, 0.0, 0.0, 0.0, 0.0, 0.0, 0.5154545307159424, 0.0, 0.0, 0.0, 0.0, 0.0, 0.0, 0.0, 0.6150482892990112, 0.0, 0.0, 0.0, 0.0, 0.0, 0.0, 0.0, 0.0, 0.0, 0.0, 0.0, 0.0, 0.0, 0.0, 0.0, 0.0, 0.0, 0.0, 0.0, 0.0, 0.0, 0.6083687543869019, 0.0, 0.0, 0.0, 0.0, 0.0, 0.0, 0.0, 0.0, 0.0, 0.0, 0.0, 0.0, 0.0, 0.0, 0.0, 0.0, 0.0, 0.8245940804481506, 0.0, 0.0, 0.0, 0.0, 0.0, 0.0, 0.0, 0.0, 0.0, 0.0, 0.0, 0.0, 0.0, 0.0, 0.0, 0.0, 0.6944138407707214, 0.0, 0.8157234191894531, 0.0, 0.0, 0.0, 0.0, 0.0, 0.0, 0.0, 0.0, 0.0, 0.0, 0.0, 0.0, 0.5246382355690002, 0.0, 0.0, 0.0, 0.0, 0.0, 0.0, 0.0, 0.0, 0.0, 0.9354152679443359, 0.0, 0.0, 0.0, 0.0, 0.0, 0.0, 0.0, 0.0, 0.0, 0.0, 0.9801737666130066, 0.0, 0.0, 0.0, 0.0, 0.6121707558631897, 0.0, 0.0, 0.8496677875518799, 0.0, 0.0, 0.0, 0.0, 0.0, 0.0, 0.6969164609909058, 0.0, 0.0, 0.0, 0.0, 0.0, 0.0, 0.0, 0.0, 0.0, 0.0, 0.0, 0.0, 0.0, 0.0, 0.0)"
"(0.0, 0.0, 0.0, 0.0, 0.0, 0.7620521783828735, 0.0, 0.0, 0.0, 0.0, 0.9534567594528198, 0.0, 0.0, 0.0, 0.0, 0.0, 0.0, 0.0, 0.0, 0.0, 0.0, 0.0, 0.0, 0.7049933671951294, 0.0, 0.0, 0.0, 0.0, 0.0, 0.0, 0.0, 0.0, 0.0, 0.0, 0.0, 0.0, 0.0, 0.0, 0.0, 0.0, 0.0, 0.0, 0.0, 0.0, 0.0, 0.0, 0.0, 0.0, 0.0, 0.0, 0.0, 0.0, 0.0, 0.0, 0.0, 0.0, 0.0, 0.0, 0.0, 0.0, 0.0, 0.7559860348701477, 0.0, 0.0, 0.0, 0.0, 0.0, 0.0, 0.0, 0.0, 0.0, 0.0, 0.0, 0.0, 0.0, 0.0, 0.0, 0.0, 0.0, 0.0, 0.0, 0.0, 0.0, 0.0, 0.0, 0.0, 0.0, 0.0, 0.0, 0.0, 0.0, 0.0, 0.0, 0.0, 0.0, 0.0, 0.0, 0.0, 0.0, 0.6961214542388916, 0.7825285792350769, 0.0, 0.0, 0.0, 0.0, 0.0, 0.0, 0.0, 0.0, 0.0, 0.0, 0.0, 0.0, 0.0, 0.0, 0.0, 0.0, 0.0, 0.0, 0.0, 0.0, 0.0, 0.0, 0.0, 0.0, 0.0, 0.0, 0.0, 0.0, 0.0, 0.0, 0.0, 0.0, 0.0, 0.0, 0.0, 0.0, 0.0, 0.0, 0.0, 0.0, 0.0, 0.0, 0.0, 0.0, 0.0, 0.0, 0.0, 0.0, 0.0, 0.0, 0.0, 0.0, 0.0, 0.0, 0.0, 0.0, 0.0, 0.0, 0.0, 0.0, 0.0, 0.0, 0.0, 0.0, 0.0, 0.0, 0.0, 0.0, 0.0, 0.0, 0.0, 0.0, 0.5126110315322876, 0.0, 0.0, 0.9167911410331726, 0.912361741065979, 0.0, 0.0, 0.0, 0.0, 0.0, 0.0, 0.0, 0.0, 0.0, 0.0, 0.0, 0.0, 0.0, 0.0, 0.0, 0.0, 0.0, 0.0, 0.0, 0.0, 0.0, 0.0, 0.0, 0.0, 0.0, 0.0, 0.0, 0.0, 0.0, 0.0, 0.0, 0.0, 0.0, 0.7768912315368652, 0.0, 0.0, 0.0, 0.0, 0.0, 0.0, 0.0, 0.0, 0.0, 0.0, 0.0, 0.0, 0.0, 0.0, 0.0, 0.0, 0.0, 0.0, 0.8595095276832581, 0.0, 0.0, 0.0, 0.0, 0.0, 0.0, 0.0, 0.0, 0.0, 0.0, 0.0, 0.0, 0.0, 0.0, 0.0, 0.0, 0.0, 0.0, 0.0, 0.0, 0.0, 0.0, 0.0, 0.0, 0.0, 0.0, 0.0, 0.0, 0.0, 0.0, 0.0, 0.0, 0.0, 0.0, 0.0, 0.0, 0.0, 0.5533799529075623, 0.0, 0.0, 0.0, 0.0, 0.0, 0.0, 0.0, 0.58753901720047, 0.0, 0.0, 0.0, 0.0, 0.0, 0.0, 0.0, 0.0, 0.0, 0.0, 0.0, 0.0, 0.0, 0.0, 0.0, 0.0, 0.0, 0.0, 0.0, 0.0, 0.0, 0.5566734671592712, 0.0, 0.0, 0.0, 0.0, 0.0, 0.0, 0.0, 0.0, 0.0, 0.0, 0.0, 0.0, 0.0, 0.0, 0.0, 0.0, 0.0, 0.0, 0.0, 0.0, 0.0, 0.0, 0.0, 0.0, 0.0, 0.0, 0.0, 0.0, 0.0, 0.0, 0.0, 0.0, 0.0, 0.0, 0.6272923946380615, 0.0, 0.0, 0.0, 0.0, 0.0, 0.0, 0.0, 0.0, 0.0, 0.0, 0.0, 0.0, 0.0, 0.0, 0.6965475082397461, 0.0, 0.0, 0.0, 0.0, 0.0, 0.0, 0.0, 0.0, 0.0, 0.9217002987861633, 0.0, 0.0, 0.0, 0.0, 0.0, 0.0, 0.0, 0.0, 0.0, 0.0, 0.0, 0.0, 0.0, 0.0, 0.0, 0.6545743942260742, 0.0, 0.0, 0.8639469742774963, 0.0, 0.0, 0.0, 0.0, 0.0, 0.0, 0.7206849455833435, 0.0, 0.0, 0.0, 0.0, 0.0, 0.0, 0.0, 0.0, 0.0, 0.0, 0.0, 0.0, 0.0, 0.0, 0.0)"
"(0.0, 0.0, 0.0, 0.0, 0.0, 0.8048101663589478, 0.0, 0.0, 0.0, 0.0, 0.0, 0.0, 0.0, 0.0, 0.0, 0.0, 0.0, 0.0, 0.0, 0.0, 0.0, 0.0, 0.0, 0.8400137424468994, 0.0, 0.0, 0.0, 0.0, 0.0, 0.0, 0.0, 0.0, 0.0, 0.0, 0.0, 0.0, 0.0, 0.0, 0.0, 0.0, 0.0, 0.0, 0.0, 0.0, 0.0, 0.0, 0.0, 0.0, 0.0, 0.0, 0.0, 0.0, 0.0, 0.0, 0.0, 0.0, 0.0, 0.0, 0.0, 0.0, 0.0, 0.8743506669998169, 0.0, 0.0, 0.0, 0.0, 0.0, 0.0, 0.0, 0.0, 0.0, 0.0, 0.0, 0.0, 0.0, 0.0, 0.0, 0.0, 0.0, 0.0, 0.0, 0.0, 0.0, 0.0, 0.0, 0.0, 0.0, 0.0, 0.0, 0.0, 0.0, 0.0, 0.0, 0.0, 0.0, 0.0, 0.0, 0.0, 0.0, 0.719621479511261, 0.8130094408988953, 0.0, 0.0, 0.0, 0.0, 0.0, 0.0, 0.0, 0.0, 0.0, 0.0, 0.0, 0.0, 0.0, 0.0, 0.0, 0.0, 0.0, 0.0, 0.0, 0.0, 0.0, 0.0, 0.0, 0.0, 0.0, 0.0, 0.0, 0.0, 0.0, 0.0, 0.0, 0.0, 0.0, 0.0, 0.0, 0.0, 0.0, 0.0, 0.0, 0.0, 0.0, 0.0, 0.0, 0.0, 0.0, 0.0, 0.0, 0.0, 0.0, 0.0, 0.0, 0.0, 0.0, 0.0, 0.0, 0.0, 0.0, 0.0, 0.0, 0.0, 0.0, 0.0, 0.0, 0.0, 0.0, 0.0, 0.0, 0.0, 0.0, 0.0, 0.0, 0.0, 0.6925414800643921, 0.0, 0.0, 0.0, 0.955388069152832, 0.0, 0.0, 0.0, 0.0, 0.0, 0.0, 0.0, 0.0, 0.0, 0.0, 0.0, 0.0, 0.0, 0.0, 0.0, 0.0, 0.0, 0.0, 0.0, 0.0, 0.0, 0.0, 0.0, 0.0, 0.0, 0.0, 0.0, 0.0, 0.0, 0.0, 0.0, 0.0, 0.0, 0.7791417837142944, 0.0, 0.0, 0.0, 0.0, 0.0, 0.0, 0.0, 0.0, 0.0, 0.0, 0.0, 0.0, 0.0, 0.0, 0.0, 0.0, 0.0, 0.0, 0.8361496329307556, 0.0, 0.0, 0.0, 0.0, 0.0, 0.0, 0.0, 0.0, 0.0, 0.0, 0.0, 0.0, 0.0, 0.0, 0.0, 0.0, 0.0, 0.0, 0.0, 0.0, 0.0, 0.0, 0.0, 0.0, 0.0, 0.0, 0.0, 0.0, 0.0, 0.0, 0.0, 0.0, 0.0, 0.0, 0.0, 0.0, 0.0, 0.5998289585113525, 0.0, 0.0, 0.0, 0.0, 0.0, 0.0, 0.0, 0.5049821734428406, 0.0, 0.0, 0.0, 0.0, 0.0, 0.0, 0.0, 0.0, 0.0, 0.0, 0.0, 0.0, 0.0, 0.0, 0.0, 0.0, 0.0, 0.0, 0.0, 0.0, 0.0, 0.5811157822608948, 0.0, 0.0, 0.0, 0.0, 0.0, 0.0, 0.0, 0.0, 0.0, 0.0, 0.0, 0.0, 0.0, 0.0, 0.0, 0.0, 0.0, 0.0, 0.0, 0.0, 0.0, 0.0, 0.0, 0.0, 0.0, 0.0, 0.0, 0.0, 0.0, 0.0, 0.0, 0.0, 0.0, 0.0, 0.5661775469779968, 0.0, 0.0, 0.0, 0.0, 0.0, 0.0, 0.0, 0.0, 0.0, 0.0, 0.0, 0.0, 0.0, 0.0, 0.8707727193832397, 0.0, 0.0, 0.0, 0.0, 0.0, 0.0, 0.0, 0.0, 0.0, 0.9205740690231323, 0.0, 0.0, 0.0, 0.0, 0.0, 0.0, 0.0, 0.0, 0.0, 0.0, 0.0, 0.0, 0.0, 0.0, 0.0, 0.6334276795387268, 0.0, 0.0, 0.8628599643707275, 0.0, 0.0, 0.0, 0.0, 0.0, 0.0, 0.7887566089630127, 0.0, 0.0, 0.0, 0.0, 0.0, 0.0, 0.0, 0.0, 0.0, 0.0, 0.0, 0.0, 0.0, 0.0, 0.0)"
"(0.0, 0.0, 0.0, 0.0, 0.0, 0.8762069940567017, 0.0, 0.0, 0.0, 0.0, 0.0, 0.0, 0.0, 0.0, 0.0, 0.0, 0.0, 0.0, 0.0, 0.0, 0.0, 0.0, 0.0, 0.0, 0.0, 0.0, 0.0, 0.0, 0.0, 0.0, 0.0, 0.0, 0.0, 0.0, 0.0, 0.0, 0.0, 0.0, 0.0, 0.0, 0.0, 0.0, 0.0, 0.0, 0.0, 0.0, 0.0, 0.0, 0.0, 0.0, 0.0, 0.0, 0.0, 0.0, 0.0, 0.0, 0.0, 0.0, 0.0, 0.0, 0.0, 0.0, 0.0, 0.0, 0.0, 0.0, 0.0, 0.0, 0.0, 0.0, 0.0, 0.0, 0.0, 0.0, 0.0, 0.0, 0.0, 0.0, 0.0, 0.0, 0.0, 0.0, 0.0, 0.0, 0.0, 0.0, 0.0, 0.0, 0.0, 0.0, 0.0, 0.0, 0.0, 0.0, 0.0, 0.0, 0.0, 0.0, 0.0, 0.7545554637908936, 0.8824943900108337, 0.0, 0.0, 0.0, 0.0, 0.0, 0.0, 0.0, 0.0, 0.0, 0.0, 0.0, 0.0, 0.0, 0.0, 0.0, 0.0, 0.0, 0.0, 0.0, 0.0, 0.0, 0.0, 0.0, 0.0, 0.0, 0.0, 0.0, 0.0, 0.0, 0.0, 0.0, 0.0, 0.0, 0.0, 0.0, 0.0, 0.0, 0.0, 0.0, 0.0, 0.0, 0.0, 0.0, 0.0, 0.0, 0.0, 0.0, 0.0, 0.0, 0.0, 0.0, 0.0, 0.0, 0.0, 0.0, 0.0, 0.0, 0.0, 0.0, 0.0, 0.0, 0.0, 0.0, 0.0, 0.0, 0.0, 0.0, 0.0, 0.0, 0.0, 0.0, 0.0, 0.8545078635215759, 0.0, 0.0, 0.0, 0.952252984046936, 0.0, 0.0, 0.0, 0.0, 0.0, 0.0, 0.0, 0.0, 0.0, 0.0, 0.0, 0.0, 0.0, 0.0, 0.0, 0.0, 0.0, 0.0, 0.0, 0.0, 0.0, 0.0, 0.0, 0.0, 0.0, 0.0, 0.0, 0.0, 0.0, 0.0, 0.0, 0.0, 0.0, 0.8103610277175903, 0.0, 0.0, 0.0, 0.0, 0.0, 0.0, 0.0, 0.0, 0.0, 0.0, 0.0, 0.0, 0.0, 0.0, 0.0, 0.0, 0.0, 0.0, 0.838159441947937, 0.0, 0.0, 0.0, 0.0, 0.0, 0.0, 0.0, 0.0, 0.0, 0.0, 0.0, 0.0, 0.0, 0.0, 0.0, 0.0, 0.0, 0.0, 0.0, 0.0, 0.0, 0.0, 0.0, 0.0, 0.0, 0.0, 0.0, 0.0, 0.0, 0.0, 0.0, 0.0, 0.0, 0.0, 0.0, 0.0, 0.0, 0.748287558555603, 0.0, 0.0, 0.0, 0.0, 0.0, 0.0, 0.0, 0.5046762228012085, 0.0, 0.0, 0.0, 0.0, 0.0, 0.0, 0.0, 0.0, 0.0, 0.0, 0.0, 0.0, 0.0, 0.0, 0.0, 0.0, 0.0, 0.0, 0.0, 0.0, 0.0, 0.5530046224594116, 0.0, 0.0, 0.0, 0.0, 0.0, 0.0, 0.0, 0.0, 0.0, 0.0, 0.0, 0.0, 0.0, 0.0, 0.0, 0.0, 0.0, 0.0, 0.0, 0.0, 0.0, 0.0, 0.0, 0.0, 0.0, 0.0, 0.0, 0.0, 0.0, 0.0, 0.0, 0.0, 0.0, 0.0, 0.5500196218490601, 0.0, 0.0, 0.0, 0.0, 0.0, 0.0, 0.0, 0.0, 0.0, 0.0, 0.0, 0.0, 0.0, 0.0, 0.8591963052749634, 0.0, 0.0, 0.0, 0.0, 0.0, 0.0, 0.0, 0.0, 0.0, 0.9084411859512329, 0.0, 0.0, 0.0, 0.0, 0.0, 0.0, 0.0, 0.0, 0.0, 0.0, 0.0, 0.0, 0.0, 0.0, 0.0, 0.6147075891494751, 0.0, 0.0, 0.8753289580345154, 0.0, 0.0, 0.0, 0.0, 0.0, 0.0, 0.7943758964538574, 0.0, 0.0, 0.0, 0.0, 0.0, 0.0, 0.0, 0.0, 0.0, 0.0, 0.0, 0.0, 0.0, 0.0, 0.0)"
"(0.0, 0.0, 0.0, 0.0, 0.0, 0.9316501617431641, 0.0, 0.0, 0.0, 0.0, 0.0, 0.0, 0.0, 0.0, 0.0, 0.0, 0.0, 0.0, 0.0, 0.0, 0.0, 0.0, 0.0, 0.0, 0.0, 0.0, 0.0, 0.0, 0.0, 0.0, 0.0, 0.0, 0.0, 0.0, 0.0, 0.0, 0.0, 0.0, 0.0, 0.0, 0.0, 0.0, 0.0, 0.0, 0.0, 0.0, 0.0, 0.0, 0.0, 0.0, 0.0, 0.0, 0.0, 0.0, 0.0, 0.0, 0.0, 0.0, 0.0, 0.0, 0.0, 0.0, 0.0, 0.0, 0.0, 0.0, 0.0, 0.0, 0.0, 0.0, 0.0, 0.0, 0.0, 0.0, 0.0, 0.0, 0.0, 0.0, 0.0, 0.0, 0.0, 0.0, 0.0, 0.0, 0.0, 0.0, 0.0, 0.0, 0.0, 0.0, 0.0, 0.0, 0.0, 0.0, 0.0, 0.0, 0.0, 0.0, 0.0, 0.6861929297447205, 0.934479296207428, 0.0, 0.0, 0.0, 0.0, 0.0, 0.0, 0.0, 0.0, 0.0, 0.0, 0.0, 0.0, 0.0, 0.0, 0.0, 0.0, 0.0, 0.0, 0.0, 0.0, 0.0, 0.0, 0.0, 0.0, 0.0, 0.0, 0.0, 0.0, 0.0, 0.0, 0.0, 0.0, 0.0, 0.0, 0.0, 0.0, 0.0, 0.0, 0.0, 0.0, 0.0, 0.0, 0.0, 0.0, 0.0, 0.0, 0.0, 0.0, 0.0, 0.0, 0.0, 0.0, 0.0, 0.0, 0.0, 0.0, 0.0, 0.0, 0.0, 0.0, 0.0, 0.0, 0.0, 0.0, 0.0, 0.0, 0.0, 0.0, 0.0, 0.0, 0.0, 0.0, 0.0, 0.0, 0.0, 0.0, 0.917073130607605, 0.0, 0.0, 0.0, 0.0, 0.0, 0.0, 0.0, 0.0, 0.0, 0.0, 0.0, 0.0, 0.0, 0.0, 0.0, 0.0, 0.0, 0.0, 0.0, 0.0, 0.0, 0.0, 0.0, 0.0, 0.0, 0.0, 0.0, 0.0, 0.0, 0.0, 0.0, 0.0, 0.0, 0.7974487543106079, 0.0, 0.0, 0.0, 0.0, 0.0, 0.0, 0.0, 0.0, 0.0, 0.0, 0.0, 0.0, 0.0, 0.0, 0.0, 0.0, 0.0, 0.0, 0.8506852388381958, 0.0, 0.0, 0.0, 0.0, 0.0, 0.0, 0.0, 0.0, 0.0, 0.0, 0.0, 0.0, 0.0, 0.0, 0.0, 0.0, 0.0, 0.0, 0.0, 0.0, 0.0, 0.0, 0.0, 0.0, 0.0, 0.0, 0.0, 0.0, 0.0, 0.0, 0.0, 0.0, 0.0, 0.0, 0.0, 0.0, 0.0, 0.8816667199134827, 0.0, 0.0, 0.0, 0.0, 0.0, 0.0, 0.0, 0.5260565280914307, 0.0, 0.0, 0.0, 0.0, 0.0, 0.0, 0.0, 0.0, 0.0, 0.0, 0.0, 0.0, 0.0, 0.0, 0.0, 0.0, 0.0, 0.0, 0.0, 0.0, 0.0, 0.5559967160224915, 0.0, 0.0, 0.0, 0.0, 0.0, 0.0, 0.0, 0.0, 0.0, 0.0, 0.0, 0.0, 0.0, 0.0, 0.0, 0.0, 0.0, 0.0, 0.0, 0.0, 0.0, 0.0, 0.0, 0.0, 0.0, 0.0, 0.0, 0.0, 0.0, 0.0, 0.0, 0.0, 0.0, 0.0, 0.5879282355308533, 0.0, 0.0, 0.0, 0.0, 0.0, 0.0, 0.0, 0.0, 0.0, 0.0, 0.0, 0.0, 0.0, 0.0, 0.8611611723899841, 0.0, 0.0, 0.0, 0.0, 0.0, 0.0, 0.0, 0.0, 0.0, 0.9239040613174438, 0.0, 0.0, 0.0, 0.0, 0.0, 0.0, 0.0, 0.0, 0.0, 0.0, 0.0, 0.0, 0.0, 0.0, 0.0, 0.6327763199806213, 0.0, 0.0, 0.8896292448043823, 0.0, 0.0, 0.0, 0.0, 0.0, 0.0, 0.7383261322975159, 0.0, 0.0, 0.0, 0.0, 0.0, 0.0, 0.0, 0.0, 0.0, 0.0, 0.0, 0.0, 0.0, 0.0, 0.0)"
"(0.0, 0.0, 0.0, 0.0, 0.0, 0.9157747030258179, 0.0, 0.0, 0.0, 0.0, 0.9634992480278015, 0.0, 0.0, 0.0, 0.0, 0.0, 0.0, 0.0, 0.0, 0.0, 0.0, 0.0, 0.0, 0.0, 0.0, 0.0, 0.0, 0.0, 0.0, 0.0, 0.0, 0.0, 0.0, 0.0, 0.0, 0.0, 0.0, 0.0, 0.0, 0.0, 0.0, 0.0, 0.0, 0.0, 0.0, 0.0, 0.0, 0.0, 0.0, 0.0, 0.0, 0.0, 0.0, 0.0, 0.0, 0.0, 0.0, 0.0, 0.0, 0.0, 0.0, 0.0, 0.0, 0.0, 0.0, 0.0, 0.0, 0.0, 0.0, 0.0, 0.0, 0.0, 0.0, 0.0, 0.0, 0.0, 0.0, 0.0, 0.0, 0.0, 0.0, 0.0, 0.0, 0.0, 0.0, 0.0, 0.0, 0.0, 0.0, 0.0, 0.0, 0.0, 0.0, 0.0, 0.0, 0.0, 0.0, 0.0, 0.0, 0.5192785263061523, 0.9307493567466736, 0.0, 0.0, 0.0, 0.0, 0.0, 0.0, 0.0, 0.0, 0.0, 0.4069099426269531, 0.0, 0.0, 0.0, 0.0, 0.0, 0.0, 0.0, 0.0, 0.0, 0.0, 0.0, 0.0, 0.0, 0.0, 0.0, 0.0, 0.0, 0.0, 0.0, 0.0, 0.0, 0.0, 0.0, 0.0, 0.0, 0.0, 0.0, 0.0, 0.0, 0.0, 0.0, 0.0, 0.0, 0.0, 0.0, 0.0, 0.0, 0.0, 0.0, 0.0, 0.0, 0.0, 0.0, 0.0, 0.0, 0.0, 0.0, 0.0, 0.0, 0.0, 0.0, 0.0, 0.0, 0.0, 0.0, 0.0, 0.0, 0.0, 0.0, 0.0, 0.0, 0.0, 0.0, 0.0, 0.0, 0.0, 0.9043094515800476, 0.0, 0.0, 0.0, 0.0, 0.0, 0.0, 0.0, 0.0, 0.0, 0.0, 0.0, 0.0, 0.0, 0.0, 0.0, 0.0, 0.0, 0.0, 0.0, 0.0, 0.0, 0.0, 0.0, 0.0, 0.0, 0.0, 0.0, 0.9129787087440491, 0.0, 0.0, 0.0, 0.0, 0.0, 0.7946654558181763, 0.0, 0.0, 0.0, 0.0, 0.0, 0.0, 0.0, 0.0, 0.0, 0.0, 0.0, 0.0, 0.0, 0.0, 0.0, 0.0, 0.0, 0.0, 0.8284202814102173, 0.0, 0.0, 0.0, 0.0, 0.0, 0.0, 0.0, 0.0, 0.0, 0.0, 0.0, 0.0, 0.0, 0.0, 0.0, 0.0, 0.0, 0.0, 0.0, 0.0, 0.0, 0.0, 0.0, 0.0, 0.0, 0.0, 0.0, 0.0, 0.0, 0.0, 0.0, 0.0, 0.0, 0.0, 0.0, 0.0, 0.0, 0.0, 0.0, 0.0, 0.0, 0.0, 0.0, 0.0, 0.0, 0.5894849300384521, 0.0, 0.0, 0.0, 0.0, 0.0, 0.0, 0.0, 0.0, 0.0, 0.0, 0.0, 0.0, 0.0, 0.0, 0.0, 0.0, 0.0, 0.0, 0.0, 0.0, 0.0, 0.5585996508598328, 0.0, 0.0, 0.0, 0.0, 0.0, 0.0, 0.0, 0.0, 0.0, 0.0, 0.0, 0.0, 0.0, 0.0, 0.0, 0.0, 0.0, 0.0, 0.0, 0.0, 0.0, 0.0, 0.0, 0.0, 0.0, 0.0, 0.0, 0.0, 0.0, 0.0, 0.0, 0.0, 0.0, 0.0, 0.6877355575561523, 0.0, 0.0, 0.0, 0.0, 0.0, 0.0, 0.0, 0.0, 0.0, 0.0, 0.0, 0.0, 0.0, 0.0, 0.8832680583000183, 0.0, 0.0, 0.0, 0.0, 0.0, 0.0, 0.0, 0.0, 0.0, 0.9219592809677124, 0.0, 0.0, 0.0, 0.0, 0.0, 0.0, 0.0, 0.0, 0.0, 0.0, 0.0, 0.0, 0.0, 0.0, 0.0, 0.6160127520561218, 0.0, 0.0, 0.8468189239501953, 0.0, 0.0, 0.0, 0.0, 0.0, 0.0, 0.5179184675216675, 0.0, 0.0, 0.0, 0.0, 0.0, 0.0, 0.0, 0.0, 0.0, 0.0, 0.0, 0.0, 0.0, 0.0, 0.0)"
"(0.0, 0.0, 0.0, 0.0, 0.0, 0.8806049823760986, 0.0, 0.0, 0.0, 0.0, 0.8552554249763489, 0.0, 0.6903167366981506, 0.0, 0.0, 0.0, 0.0, 0.0, 0.0, 0.0, 0.0, 0.0, 0.0, 0.0, 0.0, 0.0, 0.0, 0.0, 0.0, 0.0, 0.0, 0.0, 0.0, 0.0, 0.0, 0.0, 0.0, 0.0, 0.0, 0.0, 0.0, 0.0, 0.0, 0.0, 0.0, 0.0, 0.0, 0.0, 0.0, 0.0, 0.0, 0.0, 0.0, 0.0, 0.0, 0.0, 0.0, 0.0, 0.0, 0.0, 0.0, 0.0, 0.0, 0.0, 0.0, 0.0, 0.8087708950042725, 0.0, 0.0, 0.0, 0.0, 0.0, 0.0, 0.0, 0.0, 0.0, 0.0, 0.0, 0.0, 0.0, 0.0, 0.0, 0.0, 0.0, 0.0, 0.0, 0.0, 0.0, 0.0, 0.0, 0.0, 0.0, 0.0, 0.0, 0.73909592628479, 0.0, 0.0, 0.0, 0.0, 0.6028487086296082, 0.9516716599464417, 0.0, 0.0, 0.0, 0.0, 0.0, 0.0, 0.0, 0.0, 0.0, 0.3615427613258362, 0.6566537618637085, 0.0, 0.0, 0.0, 0.0, 0.0, 0.0, 0.0, 0.0, 0.0, 0.0, 0.0, 0.6554498672485352, 0.0, 0.0, 0.0, 0.0, 0.0, 0.0, 0.0, 0.0, 0.0, 0.0, 0.0, 0.0, 0.0, 0.0, 0.0, 0.0, 0.0, 0.0, 0.0, 0.0, 0.0, 0.0, 0.0, 0.0, 0.0, 0.0, 0.0, 0.0, 0.0, 0.0, 0.0, 0.0, 0.0, 0.0, 0.0, 0.0, 0.0, 0.0, 0.0, 0.0, 0.0, 0.0, 0.0, 0.0, 0.0, 0.0, 0.0, 0.0, 0.0, 0.0, 0.0, 0.0, 0.0, 0.9468616247177124, 0.0, 0.0, 0.0, 0.0, 0.0, 0.0, 0.0, 0.0, 0.0, 0.0, 0.0, 0.0, 0.0, 0.0, 0.0, 0.0, 0.0, 0.0, 0.0, 0.0, 0.0, 0.0, 0.8946318626403809, 0.0, 0.0, 0.0, 0.0, 0.3712475597858429, 0.0, 0.0, 0.0, 0.0, 0.0, 0.658137857913971, 0.0, 0.0, 0.0, 0.0, 0.0, 0.0, 0.0, 0.0, 0.0, 0.0, 0.0, 0.0, 0.0, 0.9619430303573608, 0.0, 0.0, 0.0, 0.0, 0.6158320307731628, 0.0, 0.0, 0.0, 0.0, 0.0, 0.0, 0.0, 0.0, 0.0, 0.868892252445221, 0.0, 0.0, 0.0, 0.0, 0.0, 0.0, 0.0, 0.0, 0.0, 0.0, 0.0, 0.0, 0.0, 0.0, 0.0, 0.0, 0.0, 0.0, 0.0, 0.0, 0.0, 0.0, 0.0, 0.0, 0.0, 0.0, 0.0, 0.0, 0.0, 0.0, 0.0, 0.0, 0.0, 0.0, 0.0, 0.8032335638999939, 0.0, 0.0, 0.0, 0.0, 0.0, 0.0, 0.0, 0.0, 0.0, 0.0, 0.0, 0.0, 0.0, 0.0, 0.0, 0.0, 0.0, 0.0, 0.0, 0.0, 0.0, 0.5637817978858948, 0.0, 0.0, 0.0, 0.0, 0.0, 0.0, 0.0, 0.0, 0.0, 0.0, 0.0, 0.0, 0.0, 0.0, 0.0, 0.0, 0.0, 0.0, 0.0, 0.0, 0.0, 0.0, 0.0, 0.0, 0.0, 0.0, 0.0, 0.0, 0.0, 0.0, 0.0, 0.0, 0.0, 0.0, 0.846693217754364, 0.0, 0.0, 0.0, 0.0, 0.0, 0.0, 0.0, 0.0, 0.0, 0.0, 0.0, 0.0, 0.0, 0.0, 0.884367048740387, 0.0, 0.0, 0.0, 0.0, 0.0, 0.0, 0.0, 0.0, 0.0, 0.9017555713653564, 0.0, 0.0, 0.0, 0.0, 0.0, 0.0, 0.0, 0.0, 0.0, 0.0, 0.0, 0.0, 0.0, 0.0, 0.0, 0.6567762494087219, 0.0, 0.0, 0.880435585975647, 0.0, 0.0, 0.0, 0.0, 0.0, 0.0, 0.5704397559165955, 0.0, 0.0, 0.0, 0.0, 0.0, 0.0, 0.0, 0.0, 0.0, 1.0052481889724731, 0.0, 0.0, 0.0, 0.0, 0.0)"
"(0.0, 0.0, 0.0, 0.0, 0.0, 0.0, 0.0, 0.0, 0.0, 0.0, 0.4755425453186035, 0.0, 0.5221127867698669, 0.0, 0.0, 0.0, 0.0, 0.0, 0.0, 0.0, 0.0, 0.0, 0.0, 0.0, 0.0, 0.0, 0.0, 0.0, 0.0, 0.0, 0.0, 0.0, 0.0, 0.0, 0.0, 0.0, 0.0, 0.0, 0.0, 0.0, 0.0, 0.0, 0.0, 0.0, 0.0, 0.0, 0.0, 0.0, 0.0, 0.0, 0.0, 0.0, 0.0, 0.0, 0.0, 0.0, 0.0, 0.0, 0.0, 0.0, 0.0, 0.0, 0.0, 0.0, 0.0, 0.0, 0.3455043435096741, 0.0, 0.0, 0.0, 0.0, 0.0, 0.0, 0.0, 0.0, 0.0, 0.0, 0.0, 0.0, 0.0, 0.0, 0.0, 0.0, 0.0, 0.0, 0.0, 0.0, 0.0, 0.0, 0.0, 0.0, 0.0, 0.0, 0.0, 0.3782999515533447, 0.0, 0.0, 0.0, 0.7065588235855103, 0.6444991827011108, 0.0, 0.0, 0.0, 0.0, 0.0, 0.0, 0.0, 0.0, 0.0, 0.0, 0.5912624597549438, 0.39379972219467163, 0.0, 0.0, 0.0, 0.0, 0.0, 0.0, 0.0, 0.0, 0.0, 0.0, 0.0, 0.3396654427051544, 0.0, 0.0, 0.0, 0.0, 0.0, 0.0, 0.0, 0.0, 0.0, 0.0, 0.0, 0.0, 0.0, 0.0, 0.0, 0.0, 0.0, 0.0, 0.0, 0.0, 0.0, 0.0, 0.0, 0.0, 0.0, 0.0, 0.0, 0.0, 0.0, 0.0, 0.0, 0.0, 0.0, 0.0, 0.0, 0.0, 0.0, 0.0, 0.0, 0.0, 0.0, 0.0, 0.0, 0.0, 0.0, 0.0, 0.0, 0.0, 0.0, 0.0, 0.0, 0.0, 0.0, 0.9273985624313354, 0.0, 0.0, 0.0, 0.0, 0.0, 0.0, 0.0, 0.0, 0.0, 0.0, 0.0, 0.0, 0.0, 0.0, 0.0, 0.0, 0.0, 0.0, 0.0, 0.0, 0.0, 0.0, 0.8545748591423035, 0.0, 0.0, 0.0, 0.0, 0.33711469173431396, 0.0, 0.0, 0.0, 0.0, 0.0, 0.49193599820137024, 0.0, 0.0, 0.0, 0.0, 0.0, 0.0, 0.0, 0.0, 0.0, 0.0, 0.0, 0.0, 0.0, 0.5774791836738586, 0.0, 0.0, 0.0, 0.0, 0.499349981546402, 0.0, 0.0, 0.0, 0.0, 0.0, 0.0, 0.0, 0.0, 0.0, 0.500906229019165, 0.0, 0.0, 0.0, 0.0, 0.0, 0.0, 0.0, 0.0, 0.0, 0.0, 0.0, 0.0, 0.0, 0.0, 0.0, 0.0, 0.0, 0.0, 0.0, 0.0, 0.0, 0.0, 0.0, 0.0, 0.0, 0.0, 0.0, 0.0, 0.0, 0.0, 0.0, 0.0, 0.0, 0.0, 0.0, 0.9074535965919495, 0.0, 0.0, 0.0, 0.0, 0.0, 0.0, 0.0, 0.5076709985733032, 0.0, 0.0, 0.0, 0.0, 0.0, 0.0, 0.0, 0.0, 0.0, 0.0, 0.0, 0.0, 0.0, 0.5494902729988098, 0.617819607257843, 0.0, 0.0, 0.0, 0.0, 0.0, 0.0, 0.0, 0.0, 0.0, 0.0, 0.0, 0.0, 0.0, 0.0, 0.0, 0.0, 0.0, 0.0, 0.0, 0.0, 0.0, 0.0, 0.0, 0.0, 0.0, 0.0, 0.0, 0.0, 0.0, 0.0, 0.0, 0.0, 0.0, 0.9514922499656677, 0.0, 0.0, 0.0, 0.0, 0.0, 0.0, 0.0, 0.0, 0.0, 0.0, 0.0, 0.0, 0.0, 0.0, 0.8565087914466858, 0.0, 0.0, 0.0, 0.0, 0.0, 0.0, 0.0, 0.0, 0.0, 0.9326456785202026, 0.0, 0.0, 0.0, 0.0, 0.0, 0.8949276208877563, 0.0, 0.0, 0.0, 0.0, 0.0, 0.0, 0.0, 0.0, 0.0, 0.4721490442752838, 0.0, 0.0, 0.8399418592453003, 0.0, 0.919758141040802, 0.0, 0.0, 0.0, 0.0, 0.6040959358215332, 0.0, 0.0, 0.0, 0.0, 0.0, 0.0, 0.0, 0.0, 0.0, 0.5448836088180542, 0.0, 0.0, 0.0, 0.9033026099205017, 0.0)"
"(0.0, 0.0, 0.0, 0.0, 0.0, 0.0, 0.0, 0.0, 0.0, 0.0, 0.5516409873962402, 0.0, 0.32707998156547546, 0.0, 0.0, 0.0, 0.0, 0.0, 0.0, 0.0, 0.0, 0.0, 0.0, 0.0, 0.0, 0.0, 0.9412134289741516, 0.0, 0.0, 0.0, 0.0, 0.0, 0.0, 0.0, 0.0, 0.0, 0.0, 0.0, 0.0, 0.0, 0.0, 0.0, 0.0, 0.0, 0.0, 0.0, 0.0, 0.0, 0.0, 0.0, 0.0, 0.0, 0.0, 0.0, 0.0, 0.0, 0.0, 0.0, 0.0, 0.0, 0.0, 0.0, 0.0, 0.0, 0.0, 0.0, 0.5769920349121094, 0.0, 0.0, 0.0, 0.0, 0.0, 0.0, 0.0, 0.0, 0.0, 0.0, 0.0, 0.0, 0.0, 0.0, 0.0, 0.0, 0.0, 0.0, 0.0, 0.0, 0.0, 0.0, 0.0, 0.0, 0.0, 0.0, 0.0, 0.4100949168205261, 0.0, 0.0, 0.9946439862251282, 0.4908313453197479, 0.9283079504966736, 0.0, 0.0, 0.0, 0.0, 0.0, 0.0, 0.0, 0.0, 0.0, 0.0, 0.8090299963951111, 0.43668994307518005, 0.0, 0.0, 0.0, 0.0, 0.0, 0.0, 0.0, 0.0, 0.0, 0.8680694699287415, 0.0, 0.5324730277061462, 0.0, 0.0, 0.0, 0.0, 0.0, 0.0, 0.0, 0.0, 0.0, 0.0, 0.0, 0.0, 0.0, 0.0, 0.0, 0.0, 0.0, 0.0, 0.0, 0.0, 0.0, 0.0, 0.0, 0.0, 0.0, 0.0, 0.0, 0.0, 0.0, 0.0, 0.0, 0.0, 0.0, 0.0, 0.0, 0.0, 0.0, 0.0, 0.0, 0.0, 0.0, 0.0, 0.0, 0.0, 0.0, 0.0, 0.0, 0.0, 0.0, 0.0, 0.0, 0.0, 0.0, 0.5907354354858398, 0.0, 0.0, 0.0, 0.0, 0.0, 0.0, 0.0, 0.0, 0.0, 0.0, 0.0, 0.0, 0.0, 0.0, 0.0, 0.0, 0.0, 0.0, 0.0, 0.0, 0.0, 0.0, 0.6169031262397766, 0.0, 0.0, 0.0, 0.0, 0.6244508028030396, 0.0, 0.0, 0.0, 0.0, 0.0, 0.9091846942901611, 0.9343677759170532, 0.0, 0.0, 0.0, 0.0, 0.0, 0.0, 0.0, 0.0, 0.0, 0.0, 0.0, 0.0, 0.4425300657749176, 0.0, 0.0, 0.0, 0.0, 0.9381241202354431, 0.0, 0.0, 0.0, 0.0, 0.0, 0.0, 0.0, 0.0, 0.0, 0.30079543590545654, 0.0, 0.0, 0.0, 0.0, 0.0, 0.0, 0.0, 0.0, 0.0, 0.8949030637741089, 0.0, 0.0, 0.0, 0.0, 0.0, 0.0, 0.0, 0.0, 0.0, 0.0, 0.0, 0.0, 0.0, 0.0, 0.0, 0.0, 0.0, 0.0, 0.0, 0.0, 0.0, 0.0, 0.0, 0.0, 0.0, 0.0, 0.0, 0.0, 0.0, 0.0, 0.0, 0.0, 0.0, 0.32624050974845886, 0.0, 0.0, 0.0, 0.0, 0.0, 0.0, 0.0, 0.0, 0.0, 0.0, 0.0, 0.0, 0.8946722745895386, 0.3253115713596344, 0.6039449572563171, 0.0, 0.0, 0.0, 0.0, 0.0, 0.0, 0.0, 0.0, 0.0, 0.0, 0.0, 0.0, 0.0, 0.0, 0.0, 0.0, 0.0, 0.0, 0.0, 0.0, 0.0, 0.0, 0.0, 0.0, 0.0, 0.0, 0.0, 0.0, 0.0, 0.0, 0.0, 0.0, 0.0, 0.0, 0.0, 0.0, 0.0, 0.0, 0.0, 0.0, 0.0, 0.0, 0.0, 0.0, 0.0, 0.0, 0.0, 0.0, 0.8756357431411743, 0.0, 0.0, 0.0, 0.0, 0.0, 0.7904769778251648, 0.0, 0.0, 0.0, 0.4438062310218811, 0.0, 0.0, 0.0, 0.0, 0.0, 0.5645649433135986, 0.0, 0.0, 0.0, 0.0, 0.0, 0.0, 0.0, 0.0, 0.0, 0.34966570138931274, 0.0, 0.0, 0.49123209714889526, 0.0, 0.8497819304466248, 0.0, 0.0, 0.0, 0.0, 0.7996019124984741, 0.0, 0.0, 0.0, 0.0, 0.0, 0.0, 0.0, 0.0, 0.0, 0.5601822733879089, 0.0, 0.0, 0.0, 0.8937687277793884, 0.0)"
"(0.0, 0.0, 0.0, 0.0, 0.0, 0.0, 0.0, 0.0, 0.0, 0.0, 0.45782020688056946, 0.0, 0.5197575092315674, 0.0, 0.0, 0.0, 0.0, 0.0, 0.0, 0.0, 0.0, 0.0, 0.0, 0.0, 0.0, 0.0, 0.5497474670410156, 0.0, 0.0, 0.0, 0.0, 0.0, 0.0, 0.0, 0.0, 0.0, 0.0, 0.0, 0.0, 0.0, 0.0, 0.0, 0.0, 0.0, 0.0, 0.0, 0.0, 0.0, 0.0, 0.0, 0.0, 0.0, 0.0, 0.0, 0.0, 0.0, 0.0, 0.0, 0.0, 0.0, 0.0, 0.0, 0.0, 0.0, 0.0, 0.0, 0.6922757029533386, 0.0, 0.0, 0.0, 0.0, 0.0, 0.0, 0.0, 0.0, 0.0, 0.0, 0.0, 0.0, 0.0, 0.0, 0.0, 0.0, 0.0, 0.0, 0.0, 0.0, 0.0, 0.0, 0.0, 0.0, 0.0, 0.0, 0.0, 0.49262550473213196, 0.0, 0.0, 0.6671822667121887, 0.38333573937416077, 0.0, 0.0, 0.0, 0.0, 0.0, 0.0, 0.0, 0.0, 0.0, 0.0, 0.0, 0.0, 0.3198157548904419, 0.0, 0.0, 0.0, 0.0, 0.0, 0.0, 0.0, 0.0, 0.0, 0.5893367528915405, 0.0, 0.7752816081047058, 0.0, 0.0, 0.0, 0.0, 0.0, 0.0, 0.0, 0.0, 0.0, 0.0, 0.0, 0.0, 0.0, 0.0, 0.0, 0.0, 0.0, 0.0, 0.0, 0.0, 0.0, 0.0, 0.0, 0.0, 0.0, 0.0, 0.0, 0.0, 0.0, 0.0, 0.0, 0.0, 0.0, 0.0, 0.0, 0.0, 0.0, 0.0, 0.0, 0.0, 0.9822530150413513, 0.0, 0.0, 0.0, 0.0, 0.0, 0.0, 0.0, 0.0, 0.0, 0.0, 0.0, 0.0, 0.5907354354858398, 0.0, 0.0, 0.0, 0.0, 0.0, 0.0, 0.0, 0.0, 0.0, 0.0, 0.0, 0.0, 0.0, 0.0, 0.0, 0.0, 0.0, 0.0, 0.0, 0.0, 0.0, 0.0, 0.5142194032669067, 0.0, 0.0, 0.0, 0.0, 0.9042845368385315, 0.0, 0.0, 0.0, 0.0, 0.0, 0.0, 0.8608319759368896, 0.0, 0.0, 0.0, 0.0, 0.0, 0.0, 0.0, 0.0, 0.0, 0.0, 0.0, 0.0, 0.3954826295375824, 0.0, 0.0, 0.0, 0.0, 0.0, 0.0, 0.0, 0.0, 0.0, 0.0, 0.0, 0.0, 0.0, 0.0, 0.32499611377716064, 0.0, 0.0, 0.0, 0.0, 0.0, 0.0, 0.0, 0.0, 0.0, 0.8659705519676208, 0.0, 0.0, 0.0, 0.0, 0.0, 0.0, 0.0, 0.0, 0.0, 0.0, 0.0, 0.0, 0.0, 0.0, 0.0, 0.0, 0.0, 0.0, 0.0, 0.0, 0.0, 0.0, 0.0, 0.0, 0.0, 0.0, 0.0, 0.0, 0.0, 0.0, 0.0, 0.0, 0.0, 0.45177385210990906, 0.0, 0.0, 0.0, 0.0, 0.0, 0.0, 0.0, 0.0, 0.0, 0.0, 0.0, 0.0, 0.8391075730323792, 0.6593375205993652, 0.7913913726806641, 0.0, 0.0, 0.0, 0.0, 0.0, 0.0, 0.0, 0.0, 0.0, 0.0, 0.0, 0.0, 0.0, 0.0, 0.0, 0.0, 0.0, 0.0, 0.0, 0.0, 0.0, 0.0, 0.0, 0.0, 0.0, 0.0, 0.0, 0.0, 0.0, 0.0, 0.0, 0.0, 0.0, 0.0, 0.0, 0.0, 0.0, 0.0, 0.0, 0.0, 0.0, 0.0, 0.0, 0.0, 0.8577913641929626, 0.0, 0.0, 0.0, 0.41137441992759705, 0.0, 0.0, 0.0, 0.0, 0.0, 0.8674742579460144, 0.0, 0.0, 0.0, 0.513175368309021, 0.0, 0.0, 0.0, 0.0, 0.0, 0.4085119664669037, 0.0, 0.0, 0.0, 0.8086504936218262, 0.0, 0.0, 0.0, 0.0, 0.0, 0.6727432012557983, 0.0, 0.0, 0.5004538893699646, 0.0, 0.0, 0.0, 0.0, 0.0, 0.0, 0.0, 0.0, 0.0, 0.0, 0.0, 0.8927345871925354, 0.0, 0.0, 0.0, 0.0, 0.8914471864700317, 0.0, 0.0, 0.0, 0.0, 0.0)"
"(0.0, 0.0, 0.0, 0.0, 0.0, 0.0, 0.0, 0.0, 0.0, 0.0, 0.9458528757095337, 0.0, 0.0, 0.0, 0.0, 0.0, 0.0, 0.0, 0.0, 0.0, 0.0, 0.0, 0.0, 0.0, 0.0, 0.0, 0.5132386088371277, 0.0, 0.0, 0.0, 0.0, 0.0, 0.0, 0.0, 0.0, 0.0, 0.0, 0.0, 0.0, 0.0, 0.0, 0.0, 0.0, 0.0, 0.0, 0.0, 0.0, 0.0, 0.0, 0.0, 0.0, 0.0, 0.0, 0.0, 0.0, 0.0, 0.0, 0.0, 0.0, 0.0, 0.0, 0.0, 0.0, 0.0, 0.0, 0.0, 0.0, 0.0, 0.0, 0.0, 0.0, 0.0, 0.0, 0.0, 0.0, 0.0, 0.0, 0.0, 0.0, 0.0, 0.0, 0.0, 0.0, 0.0, 0.0, 0.0, 0.0, 0.0, 0.5572603940963745, 0.0, 0.0, 0.0, 0.0, 0.0, 0.7777700424194336, 0.0, 0.0, 0.45340514183044434, 0.529873251914978, 0.0, 0.0, 0.0, 0.0, 0.0, 0.0, 0.0, 0.0, 0.0, 0.0, 0.0, 0.0, 0.29042285680770874, 0.0, 0.0, 0.0, 0.0, 0.0, 0.0, 0.0, 0.0, 0.0, 0.5170260667800903, 0.0, 0.0, 0.0, 0.0, 0.0, 0.0, 0.0, 0.0, 0.0, 0.0, 0.0, 0.0, 0.0, 0.0, 0.0, 0.0, 0.0, 0.0, 0.0, 0.0, 0.0, 0.0, 0.0, 0.0, 0.0, 0.0, 0.0, 0.0, 0.0, 0.0, 0.0, 0.0, 0.0, 0.0, 0.0, 0.0, 0.0, 0.0, 0.0, 0.0, 0.0, 0.0, 0.9822530150413513, 0.0, 0.0, 0.0, 0.0, 0.0, 0.0, 0.0, 0.0, 0.0, 0.0, 0.0, 0.0, 0.6586065292358398, 0.7673932909965515, 0.0, 0.0, 0.0, 0.0, 0.0, 0.0, 0.0, 0.0, 0.0, 0.0, 0.0, 0.0, 0.0, 0.0, 0.7007415890693665, 0.0, 0.0, 0.0, 0.0, 0.0, 0.7632235288619995, 0.6273848414421082, 0.0, 0.0, 0.0, 0.0, 0.0, 0.0, 0.0, 0.0, 0.0, 0.0, 0.0, 0.0, 0.0, 0.0, 0.0, 0.0, 0.0, 0.0, 0.0, 0.0, 0.0, 0.0, 0.0, 0.0, 0.2945854067802429, 0.0, 0.0, 0.0, 0.0, 0.0, 0.0, 0.0, 0.0, 0.0, 0.0, 0.0, 0.0, 0.0, 0.0, 0.8991889357566833, 0.0, 0.0, 0.0, 0.0, 0.0, 0.0, 0.0, 0.0, 0.0, 1.0096272230148315, 0.0, 0.0, 0.0, 0.0, 0.0, 0.0, 0.0, 0.0, 0.0, 0.0, 0.0, 0.0, 0.0, 0.0, 0.0, 0.0, 0.0, 0.0, 0.5491228103637695, 0.0, 0.0, 0.0, 0.0, 0.0, 0.0, 0.0, 0.0, 0.0, 0.8574645519256592, 0.0, 0.0, 0.0, 0.0, 0.6519074440002441, 0.0, 0.0, 0.0, 1.002637505531311, 0.0, 0.0, 0.0, 0.0, 0.0, 0.0, 0.0, 0.0, 0.3572150766849518, 1.0065661668777466, 0.0, 0.0, 0.0, 0.0, 0.0, 0.0, 0.0, 0.0, 0.0, 0.0, 0.0, 0.0, 0.0, 0.0, 0.0, 0.0, 0.0, 0.0, 0.0, 0.0, 0.0, 0.0, 0.0, 0.0, 0.0, 0.0, 0.0, 0.0, 0.0, 0.0, 0.0, 0.0, 0.0, 0.0, 0.0, 0.0, 0.0, 0.0, 0.0, 0.0, 0.9691148400306702, 0.0, 0.0, 0.0, 0.0, 0.5671799778938293, 0.0, 0.0, 0.0, 0.5791804790496826, 0.0, 0.0, 0.0, 0.0, 0.0, 0.4002414345741272, 0.0, 0.0, 0.0, 0.7930483222007751, 0.0, 0.0, 0.0, 0.0, 0.0, 0.4914121925830841, 0.0, 0.0, 0.0, 0.5167416334152222, 0.0, 0.0, 0.0, 0.0, 0.0, 0.0, 0.0, 0.0, 0.8970747590065002, 0.0, 0.0, 0.0, 0.0, 0.0, 0.0, 0.0, 0.0, 0.0, 0.0, 0.0, 0.8077822923660278, 0.0, 0.0, 0.0, 0.6496244072914124, 0.0, 0.0, 0.8433164954185486, 0.0, 0.0, 0.0)"
"(0.0, 0.0, 0.0, 0.0, 0.0, 0.0, 0.0, 0.0, 0.0, 0.0, 0.0, 0.0, 0.0, 0.0, 0.0, 0.0, 0.0, 0.0, 0.0, 0.0, 0.0, 0.0, 0.0, 0.0, 0.0, 0.0, 0.5207555890083313, 0.0, 0.0, 0.0, 0.0, 0.0, 0.0, 0.0, 0.0, 0.0, 0.0, 0.0, 0.0, 0.0, 0.0, 0.0, 0.0, 0.0, 0.0, 0.0, 0.0, 0.0, 0.0, 0.0, 0.0, 0.0, 0.0, 0.0, 0.0, 0.0, 0.0, 0.0, 0.0, 0.0, 0.0, 0.0, 0.0, 0.0, 0.0, 0.0, 0.0, 0.0, 0.0, 0.0, 0.0, 0.0, 0.0, 0.0, 0.0, 0.0, 0.0, 0.0, 0.0, 0.0, 0.0, 0.0, 0.0, 0.0, 0.0, 0.0, 0.0, 0.0, 0.40591204166412354, 0.0, 0.0, 0.0, 0.0, 0.0, 0.0, 0.0, 0.0, 0.5102670788764954, 0.5491966605186462, 0.0, 0.0, 0.0, 0.0, 0.0, 0.0, 0.0, 0.0, 0.0, 0.0, 0.0, 0.0, 0.2879757881164551, 0.0, 0.0, 0.0, 0.0, 0.0, 0.0, 0.0, 0.0, 0.0, 0.4897378087043762, 0.0, 0.0, 0.0, 0.0, 0.0, 0.0, 0.0, 0.0, 0.0, 0.0, 0.0, 0.0, 0.0, 0.0, 0.0, 0.0, 0.0, 0.0, 0.0, 0.0, 0.0, 0.0, 0.0, 0.0, 0.0, 0.0, 0.0, 0.0, 0.0, 0.0, 0.0, 0.0, 0.0, 0.0, 0.0, 0.0, 0.0, 0.0, 0.0, 0.0, 0.0, 0.0, 0.4523817002773285, 0.0, 0.0, 0.0, 0.0, 0.0, 0.0, 0.0, 0.0, 0.0, 0.0, 0.0, 0.0, 0.6986108422279358, 0.44554784893989563, 0.0, 0.0, 0.0, 0.0, 0.0, 0.0, 0.0, 0.0, 0.0, 0.0, 0.0, 0.0, 0.0, 0.0, 0.6218766570091248, 0.0, 0.0, 0.0, 0.0, 0.0, 0.9123795628547668, 0.0, 0.0, 0.0, 0.0, 0.0, 0.0, 0.0, 0.0, 0.0, 0.0, 0.0, 0.0, 0.9955363869667053, 0.0, 0.0, 0.0, 0.0, 0.0, 0.0, 0.0, 0.0, 0.0, 0.0, 0.0, 0.0, 0.28414809703826904, 0.0, 0.0, 0.0, 0.0, 0.0, 0.0, 0.0, 0.0, 0.0, 0.0, 0.0, 0.0, 0.0, 0.0, 0.0, 0.0, 0.0, 0.0, 0.0, 0.0, 0.0, 0.0, 0.0, 0.0, 0.907017707824707, 0.0, 0.0, 0.0, 0.0, 0.0, 0.0, 0.0, 0.0, 0.0, 0.0, 0.0, 0.0, 0.0, 0.0, 0.0, 0.0, 0.0, 0.0, 0.6444349884986877, 0.0, 0.0, 0.0, 0.0, 0.0, 0.0, 0.0, 0.0, 0.0, 0.3606506586074829, 0.0, 0.0, 0.0, 0.0, 0.0, 0.0, 0.0, 0.0, 0.0, 0.0, 0.0, 0.0, 0.0, 0.0, 0.0, 0.0, 0.442370742559433, 0.5318012237548828, 0.0, 0.0, 0.0, 0.0, 0.0, 0.0, 0.0, 0.0, 0.0, 0.0, 0.0, 0.0, 0.0, 0.0, 0.0, 0.0, 0.0, 0.0, 0.0, 0.0, 0.0, 0.0, 0.0, 0.0, 0.0, 0.0, 0.0, 0.0, 0.0, 0.0, 0.0, 0.0, 0.0, 0.0, 0.0, 0.0, 0.4630551338195801, 0.0, 0.0, 0.9492995738983154, 0.0, 0.8490599989891052, 0.0, 0.0, 0.0, 0.0, 0.534773051738739, 0.0, 0.0, 0.0, 0.7611680626869202, 0.0, 0.0, 0.0, 0.0, 0.0, 0.513404369354248, 0.0, 0.9279347658157349, 0.0, 0.0, 0.0, 0.0, 0.0, 0.0, 0.0, 0.5412623882293701, 0.0, 0.0, 0.0, 0.47111958265304565, 0.0, 0.0, 0.0, 0.0, 0.0, 0.0, 0.0, 0.0, 0.0, 0.0, 0.0, 0.0, 0.0, 0.0, 0.0, 0.0, 0.0, 0.0, 0.0, 0.0, 0.0, 0.0, 0.0, 0.0, 0.46668437123298645, 0.0, 0.0, 0.8120315670967102, 0.0, 0.0, 0.0)"
"(0.0, 0.0, 0.0, 0.0, 0.0, 0.0, 0.0, 0.0, 0.0, 0.0, 0.0, 0.0, 0.0, 0.0, 0.0, 0.0, 0.0, 0.0, 0.0, 0.0, 0.0, 0.0, 0.9653146862983704, 0.0, 0.0, 0.0, 0.5343033671379089, 0.0, 0.0, 0.0, 0.0, 0.0, 0.0, 0.0, 0.0, 0.0, 0.0, 0.0, 0.0, 0.0, 0.0, 0.9876168370246887, 0.0, 0.0, 0.0, 0.0, 0.0, 0.0, 0.0, 0.0, 0.0, 0.0, 0.0, 0.0, 0.0, 0.0, 0.0, 0.0, 0.0, 0.0, 0.0, 0.0, 0.0, 0.0, 0.0, 0.0, 0.0, 0.0, 0.0, 0.0, 0.0, 0.0, 0.0, 0.0, 0.0, 0.0, 0.0, 0.0, 0.0, 0.0, 0.0, 0.0, 0.0, 0.0, 0.0, 0.0, 0.0, 0.0, 0.4016808867454529, 0.0, 0.0, 0.0, 0.0, 0.0, 0.0, 0.0, 0.0, 0.4915953576564789, 0.6858786940574646, 0.0, 0.0, 0.0, 0.0, 0.0, 0.0, 0.0, 0.0, 0.0, 0.0, 0.0, 0.0, 0.7297256588935852, 0.0, 0.0, 0.0, 0.0, 0.0, 0.0, 0.0, 0.0, 0.0, 0.5048657655715942, 0.0, 0.0, 0.0, 0.0, 0.0, 0.0, 0.0, 0.0, 0.0, 0.0, 0.0, 0.0, 0.0, 0.0, 0.0, 0.0, 0.0, 0.0, 0.0, 0.0, 0.0, 0.0, 0.0, 0.0, 0.0, 0.0, 0.0, 0.0, 0.0, 0.0, 0.0, 0.0, 0.0, 0.0, 0.0, 0.0, 0.0, 0.0, 0.0, 0.0, 0.0, 0.0, 0.37744638323783875, 0.0, 0.0, 0.0, 0.0, 0.0, 0.0, 0.0, 0.0, 0.0, 0.0, 0.0, 0.0, 0.8134941458702087, 0.5214477777481079, 0.0, 0.0, 0.0, 0.0, 0.0, 0.0, 0.0, 0.0, 0.0, 0.0, 0.0, 0.0, 0.0, 0.0, 0.0, 0.0, 0.9338396191596985, 0.0, 0.0, 0.0, 0.0, 0.0, 0.0, 0.0, 0.0, 0.0, 0.0, 0.0, 0.0, 0.0, 0.0, 0.0, 0.0, 1.0021592378616333, 0.0, 0.0, 0.0, 0.0, 0.0, 0.0, 0.0, 0.0, 0.0, 0.0, 0.0, 0.0, 0.3294287621974945, 0.0, 0.0, 0.0, 0.0, 0.0, 0.0, 0.0, 0.0, 0.0, 0.0, 0.0, 0.0, 0.0, 0.0, 0.0, 0.0, 0.0, 0.0, 0.0, 0.0, 0.0, 0.0, 0.0, 0.0, 0.963825523853302, 0.0, 0.0, 0.0, 0.0, 0.0, 0.0, 0.0, 0.0, 0.0, 0.0, 0.0, 0.0, 0.0, 0.0, 0.0, 0.0, 0.0, 0.0, 0.0, 0.0, 0.0, 0.0, 0.0, 0.0, 0.0, 0.0, 0.0, 0.0, 0.3309895396232605, 0.0, 0.0, 0.0, 0.0, 0.0, 0.0, 0.0, 0.0, 0.0, 0.0, 0.0, 0.0, 0.0, 0.0, 0.0, 0.0, 0.4009958803653717, 0.60624760389328, 0.0, 0.0, 0.0, 0.0, 0.0, 0.0, 0.0, 0.0, 0.0, 0.0, 0.0, 0.7620683908462524, 0.0, 0.0, 0.0, 0.0, 0.0, 0.0, 0.0, 0.0, 0.0, 0.0, 0.0, 0.0, 0.0, 0.0, 0.0, 0.0, 0.0, 0.0, 0.0, 0.0, 0.0, 0.0, 0.0, 0.0, 0.4405912458896637, 0.0, 0.0, 0.9755241870880127, 0.0, 0.8093563318252563, 0.0, 0.0, 0.0, 0.0, 0.5020908713340759, 0.0, 0.0, 0.0, 0.8040292859077454, 0.0, 0.0, 0.0, 0.0, 0.0, 0.6132089495658875, 0.0, 0.9917613863945007, 0.0, 0.0, 0.0, 0.0, 0.0, 0.0, 0.0, 0.6203939318656921, 0.0, 0.0, 0.0, 0.446783185005188, 0.0, 0.0, 0.0, 0.0, 0.0, 0.0, 0.0, 0.0, 0.0, 0.0, 0.0, 0.0, 0.0, 0.0, 0.0, 0.0, 0.0, 0.0, 0.0, 0.0, 0.0, 0.0, 0.0, 0.0, 0.3615839183330536, 0.0, 0.0, 0.7506821155548096, 0.0, 0.0, 0.0)"
