Time,header.seq,header.frame_id,child_frame_id,pose.x,pose.y,pose.z,orientation.x,orientation.y,orientation.z,orientation.w,linear.x,linear.y,linear.z,angular.x,angular.y,angular.z
1742480966.0976074,7,odom,base_footprint,2.360667660267315,2.627048703057444,0.0,-0.0132372919470071,0.0089625613763928,-0.8022623062133789,-0.596757709980011,0.0,0.0,0.0,,,
1742480967.0980709,17,odom,base_footprint,2.360667660267315,2.627048703057444,0.0,-0.0132372919470071,0.0089625613763928,-0.8022623062133789,-0.596757709980011,0.0,0.0,0.0,,,
1742480968.0978875,27,odom,base_footprint,2.360667660267315,2.627048703057444,0.0,-0.0132372919470071,0.0089625613763928,-0.8022623062133789,-0.596757709980011,0.0,0.0,0.0,,,
1742480969.097622,37,odom,base_footprint,2.3490311032525435,2.6674157422909044,0.0,-0.0133298265334276,0.0088243486504464,-0.7960099067436968,-0.6050725582583362,0.1291631907224655,0.0,0.0,,,
1742480970.0983207,47,odom,base_footprint,2.317438264061453,2.794678823126732,0.0,-0.0135748301334896,0.0084425938764582,-0.7785219462075773,-0.6274138599557412,0.1149307191371917,0.0,0.0,,,
1742480971.0982869,57,odom,base_footprint,2.293124784389281,2.923764877042255,0.0,-0.0137859936221819,0.0080931937061377,-0.7622464227266387,-0.6470896100478192,0.1291970461606979,0.0,0.0,,,
1742480972.09785,67,odom,base_footprint,2.275495768165019,3.040242902281147,0.0,-0.0139068933704743,0.0078836362992065,-0.7523663890620484,-0.658550976767274,0.1284106373786926,0.0,0.0,,,
1742480973.0977662,77,odom,base_footprint,2.2615014086320646,3.169733882924139,0.0,-0.0140965500464171,0.007539275913824,-0.7359448308624947,-0.6768528483490117,0.1435350477695465,0.0,0.0,,,
1742480974.0977578,87,odom,base_footprint,2.2530853548498477,3.29926786683129,0.0,-0.0142366443619883,0.0072712696158355,-0.7230094647804571,-0.6906532315346633,0.1148347631096839,0.0,0.0,,,
1742480975.0977452,97,odom,base_footprint,2.251242622332526,3.3588078114952524,0.0,-0.0133381661383801,0.0088117381134982,-0.7954373076000376,-0.6058251084837929,0.0,0.0,0.0,,,
1742480976.0976248,107,odom,base_footprint,2.2507160425424417,3.358561465681361,0.0,-0.0068264795074824,0.0144551922176715,-0.99435234825247,-0.1049189206778006,0.0,0.0,0.0,,,
1742480977.0976875,117,odom,base_footprint,2.2524416274972148,3.359471682755451,0.0,0.0015181647828586,0.0159137858540322,-0.9083535421331383,0.4178976129216067,-0.0143524697050452,0.0,0.0,,,
1742480978.0978346,127,odom,base_footprint,2.190159811784895,3.274489285355369,0.0,0.0020290701365151,0.0158567423797264,-0.8944468193699667,0.446888643523581,0.1147961691021919,0.0,0.0,,,
1742480979.097697,137,odom,base_footprint,2.1085588961691117,3.170700642461818,0.0,0.0016685968855116,0.0158987165818367,-0.904360775218649,0.426469413483922,0.1435088366270065,0.0,0.0,,,
1742480980.097796,147,odom,base_footprint,2.0232268522514536,3.0711214828502014,0.0,0.0013072637012213,0.0159324971718616,-0.9138086568820804,0.4058303968393253,0.1291703581809997,0.0,0.0,,,
1742480981.0977342,157,odom,base_footprint,1.9433494889023413,2.9857440271303,0.0,0.0010358138665685,0.0159524447703082,-0.9205857106351272,0.3902134310423129,0.1291371881961822,0.0,0.0,,,
1742480982.0978484,167,odom,base_footprint,1.8520467672105083,2.8953558661663084,0.0,0.0007942672100432,0.0159662940006427,-0.9263858580293194,0.3762363810620628,0.1148481145501136,0.0,0.0,,,
1742480983.0979338,177,odom,base_footprint,1.7582055013476934,2.8066302661261107,0.0,0.0005374258062756,0.0159770015340381,-0.9323159810898112,0.3612914111848484,0.1291919201612472,0.0,0.0,,,
1742480984.0977924,187,odom,base_footprint,1.6681350066146554,2.728315788520779,0.0,0.000189738126234,0.0159849117595113,-0.939954817299656,0.340924498718656,0.1291979849338531,0.0,0.0,,,
1742480985.0977397,197,odom,base_footprint,1.565629203813759,2.6468888160151307,0.0,-0.0001882703028512,0.0159849291149186,-0.9477530259351808,0.3186044165138094,0.1148142144083976,0.0,0.0,,,
1742480986.097698,207,odom,base_footprint,1.45973957563623,2.5706781054579877,0.0,-0.0005661734623009,0.0159760086419135,-0.9550213070457032,0.2961061895336073,0.1291676461696624,0.0,0.0,,,
1742480987.0978522,217,odom,base_footprint,1.3624138843486815,2.506292994092358,0.0,-0.0007927763502857,0.0159663680959176,-0.959126197379252,0.2825270073678127,0.1283988803625106,0.0,0.0,,,
1742480988.0983846,227,odom,base_footprint,1.250528544150226,2.4374742290917646,0.0,-0.0011700706912331,0.0159431596333169,-0.965538250791764,0.2597700110662837,0.1291814148426056,0.0,0.0,,,
1742480989.0984087,237,odom,base_footprint,1.135397897763898,2.374704407017726,0.0,-0.001591853644618,0.0159065837466762,-0.9720786587527516,0.2341103448992543,0.1292313784360885,0.0,0.0,,,
1742480990.09763,247,odom,base_footprint,1.030213959557175,2.3236695600836508,0.0,-0.0019224860858707,0.015870017383908,-0.9767394665017964,0.2138330820270385,0.1148239001631736,0.0,0.0,,,
1742480991.0977478,257,odom,base_footprint,0.9094720069166342,2.2719414885822395,0.0,-0.0022971873783778,0.0158201243567973,-0.9815223771378658,0.1906787758745827,0.1293905824422836,0.0,0.0,,,
1742480992.0976515,267,odom,base_footprint,0.788710780800671,2.224933522662412,0.0,-0.0025214044327782,0.015785940713251,-0.98412884711735,0.1767342204070053,0.129411980509758,0.0,0.0,,,
1742480993.097757,277,odom,base_footprint,0.6633147069860612,2.181540415775593,0.0,-0.002864202592175,0.0157273566764058,-0.987740509381784,0.1552844439008942,0.1291678249835968,0.0,0.0,,,
1742480994.0978312,287,odom,base_footprint,0.5499161019635521,2.1480464378419746,0.0,-0.0032500728420304,0.0156521701702162,-0.9912602863504798,0.1309489102503769,0.129190519452095,0.0,0.0,,,
1742480995.0978053,297,odom,base_footprint,0.4226250884251583,2.116529002175648,0.0,-0.0036045215131468,0.0155743644871041,-0.9939772743214637,0.1084147154396955,0.1291898488998413,0.0,0.0,,,
1742480996.0978217,307,odom,base_footprint,0.2981576105818777,2.090583180205647,0.0,-0.0037810606943905,0.0155324494057197,-0.995143770490218,0.0971259411584192,0.1291575729846954,0.0,0.0,,,
1742480997.0977788,317,odom,base_footprint,0.1807838266330654,2.070182960483139,0.0,-0.0041034343511024,0.0154504120023416,-0.9969492744394716,0.0763984069598772,0.1141295358538627,0.0,0.0,,,
1742480998.0977612,327,odom,base_footprint,0.114695939223925,2.0613263698064834,0.0,-0.0019374601941334,0.0158681962589343,-0.9769408047738714,0.2129113345014229,0.0143519220873713,0.0,0.0,,,
1742480999.0979042,337,odom,base_footprint,0.1146333287570402,2.061922933178548,0.0,0.0064566015125344,0.0146241478871162,-0.7303385006343133,0.6828984162250045,0.0,0.0,0.0,,,
1742481000.09842,347,odom,base_footprint,0.1139569099118458,2.0632547261764698,0.0,-0.0126441166454235,-0.0097816010332068,0.3167684359585435,-0.9483682461848744,0.0,0.0,0.0,,,
1742481001.0978158,357,odom,base_footprint,0.1627626621589244,2.065891237285008,0.0,-0.0152223051884774,-0.0048820927136588,-0.0257154414407779,-0.9995415391382702,0.1285386383533477,0.0,0.0,,,
1742481002.0977974,367,odom,base_footprint,0.2929646493204605,2.0689224022292896,0.0,-0.015077661536274,-0.0053120172358034,0.0026540786748378,-0.9998687555163348,0.1284365504980087,0.0,0.0,,,
1742481003.0976355,377,odom,base_footprint,0.4089003129312165,2.06463078388722,0.0,-0.0149099967149393,-0.0057658826276995,0.032912104401882,-0.999330458744872,0.1148481592535972,0.0,0.0,,,
1742481004.0977397,387,odom,base_footprint,0.5378885460062923,2.0548196040918016,0.0,-0.0148210325855632,-0.0059908595054118,0.0480314831686975,-0.9987179526853472,0.1148257330060005,0.0,0.0,,,
1742481005.0980885,397,odom,base_footprint,0.6687226841761102,2.0389100296336258,0.0,-0.0146632171193371,-0.0063673753012592,0.073519048433814,-0.997165744452136,0.1290624886751175,0.0,0.0,,,
1742481006.097885,407,odom,base_footprint,0.7874706728180854,2.018615577079788,0.0,-0.0145148983177186,-0.0066985917432096,0.0961359137994729,-0.9952398999584656,0.143520787358284,0.0,0.0,,,
1742481007.0977368,417,odom,base_footprint,0.9154923762734524,1.990210761698698,0.0,-0.0143590990729045,-0.0070263559780602,0.1187032342612336,-0.9928011455308254,0.1148386746644973,0.0,0.0,,,
1742481008.097797,427,odom,base_footprint,1.0433661848234863,1.957343315599262,0.0,-0.0142236092292107,-0.0072967352295818,0.1374631945902155,-0.9903779291383916,0.1291862875223159,0.0,0.0,,,
1742481009.0984356,437,odom,base_footprint,1.1583627274531083,1.9221878591004704,0.0,-0.0140758670054097,-0.0075778210959304,0.1571080833768768,-0.98745208619408,0.1148067563772201,0.0,0.0,,,
1742481010.0983694,447,odom,base_footprint,1.2810538953728332,1.8791325875118223,0.0,-0.0138927466391269,-0.0079085393933986,0.1804133868131025,-0.9834610222322092,0.1291828602552414,0.0,0.0,,,
1742481011.0986154,457,odom,base_footprint,1.4023313917653506,1.8292540343686663,0.0,-0.0136627575016705,-0.0082995458891709,0.2082453182776339,-0.9779460413575194,0.1291584968566894,0.0,0.0,,,
1742481012.097799,467,odom,base_footprint,1.509206153443067,1.7781471160559468,0.0,-0.013446354384369,-0.0086457479888017,0.233151424664494,-0.9723090998074188,0.1141373068094253,0.0,0.0,,,
1742481013.0977235,477,odom,base_footprint,1.6245197230354886,1.7157005844503448,0.0,-0.0132296752699971,-0.0089738005753602,0.2569915412738908,-0.966281491132406,0.1284219026565551,0.0,0.0,,,
1742481014.0977445,487,odom,base_footprint,1.734882298860049,1.6516705554448092,0.0,-0.0131785322538754,-0.0090487398100217,0.2624714407817043,-0.9648073979636416,0.1292150467634201,0.0,0.0,,,
1742481015.097659,497,odom,base_footprint,1.8344240569827512,1.5899312665322731,0.0,-0.0129431558461206,-0.0093823302680593,0.2870242239410867,-0.9577899912101886,0.1291700303554535,0.0,0.0,,,
1742481016.0978482,507,odom,base_footprint,1.9417613799454343,1.5161457526474325,0.0,-0.0127633528055541,-0.009625498931321,0.3050915167391145,-0.9521889197030298,0.1435244232416153,0.0,0.0,,,
1742481017.0977986,517,odom,base_footprint,2.046589479485967,1.436624550908186,0.0,-0.012485101641594,-0.0099837689033238,0.3319859407290714,-0.943148931796898,0.1284428238868713,0.0,0.0,,,
1742481018.0978274,527,odom,base_footprint,2.1390270253344323,1.3593630945923798,0.0,-0.0122940006281477,-0.0102181677942286,0.3497684440897756,-0.9366998494237166,0.1211620345711708,0.0,0.0,,,
1742481019.0976765,537,odom,base_footprint,2.233836433458693,1.2730063143169643,0.0,-0.0120290476353264,-0.0105287899353609,0.3735750828487691,-0.9274622525288732,0.1148174852132797,0.0,0.0,,,
1742481020.0977206,547,odom,base_footprint,2.3252513008861606,1.180849240177981,0.0,-0.0117869428829819,-0.0107991380206584,0.3945323497332891,-0.9187430529834366,0.1291906684637069,0.0,0.0,,,
1742481021.097671,557,odom,base_footprint,2.415566802134117,1.081816660669091,0.0,-0.0115701126982301,-0.0110311330635689,0.4127036278463195,-0.9107251440219948,0.1435488015413284,0.0,0.0,,,
1742481022.0976956,567,odom,base_footprint,2.491493760894385,0.9920356523856632,0.0,-0.011369998091787,-0.0112372838314544,0.4290040745762999,-0.9031611574842712,0.1435069441795349,0.0,0.0,,,
1742481023.0978258,577,odom,base_footprint,2.5716891901324765,0.8882799923993796,0.0,-0.011090216921772,-0.0115134917876355,0.4510845038562875,-0.892338132532799,0.1291917413473129,0.0,0.0,,,
1742481024.0978196,587,odom,base_footprint,2.6416471341711323,0.7891146641330844,0.0,-0.0108482329002846,-0.0117417736078112,0.4695553740277958,-0.8827583605455194,-0.1865669786930084,0.0,0.0,,,
1742481025.097795,597,odom,base_footprint,2.632427779451308,0.8010039409493646,0.0,-0.0148490936145348,-0.0059209647307419,0.0433255586368691,-0.9989331651117604,0.0,0.0,0.0,,,
1742481026.0977807,607,odom,base_footprint,2.631237812503425,0.8007095232687242,0.0,-0.0157873212321516,0.002512746073276,-0.4740165316366673,-0.880370887823161,0.0,0.0,0.0,,,
1742481027.0976892,617,odom,base_footprint,2.6261165711620738,0.8294315580520055,0.0,-0.0137656873192736,0.0081276846114928,-0.7638641649944198,-0.6451791300319424,-0.1578393578529358,0.0,0.0,,,
1742481028.0978477,627,odom,base_footprint,2.6290949288043,0.8143640905846734,0.0,-0.0088064020773827,0.0133416898092924,-0.969442735352504,-0.2447965589293509,0.0,0.0,0.0,,,
1742481029.0977366,637,odom,base_footprint,2.630720279453957,0.8140439227210068,0.0,-0.0006772105745601,0.0159716871480007,-0.9570564974595108,0.2894605898251599,0.0,0.0,0.0,,,
1742481030.0977068,647,odom,base_footprint,2.633781963589633,0.8161533030997443,0.0,0.008158017224201,0.0137477328852996,-0.6434932950652211,0.7652848826401188,0.0,0.0,0.0,,,
1742481031.0977051,657,odom,base_footprint,2.650582830645364,0.7820486755244134,0.0,-0.0102655217967484,-0.0122544876170483,0.5118494255664312,-0.8589265032228955,-0.0430584773421287,0.0,0.0,,,
1742481032.0977638,667,odom,base_footprint,2.6511589638912536,0.7804246080581632,0.0,-0.015173767275518,-0.0050309234921959,-0.0159261689339368,-0.9997454323649017,-0.0142685296013951,0.0,0.0,,,
1742481033.0978167,677,odom,base_footprint,2.648912749564754,0.7784434376865181,0.0,-0.0155706518105244,0.0036205257506779,-0.5349588730043879,-0.8447269242691815,0.0,0.0,0.0,,,
1742481034.0976052,687,odom,base_footprint,2.64895096486146,0.7756504366071639,0.0,-0.0120448793216292,0.010510674890001,-0.8690785798618196,-0.4944158112527946,0.0143509311601519,0.0,0.0,,,
1742481035.0978916,697,odom,base_footprint,2.5795002050158238,0.857523217029807,0.0,-0.0110966940482132,0.0115072492680161,-0.9083655448286037,-0.4178715225516454,0.1435929536819458,0.0,0.0,,,
1742481036.097824,707,odom,base_footprint,2.496012055892792,0.9589354620317174,0.0,-0.0113443916559784,0.0112631337766927,-0.8990604046016104,-0.4375328116484348,0.143508180975914,0.0,0.0,,,
1742481037.097648,717,odom,base_footprint,2.4244638171812456,1.0552979196272785,0.0,-0.0116179264945609,0.0109807644762506,-0.8880294186796582,-0.4595087854991072,0.143499493598938,0.0,0.0,,,
1742481038.0977125,727,odom,base_footprint,2.352049615677053,1.1646206953167229,0.0,-0.0119248023866298,0.0106467127582055,-0.8746344431772011,-0.484519517872607,0.1148552969098091,0.0,0.0,,,
1742481039.0976074,737,odom,base_footprint,2.285244983698217,1.2782306401305727,0.0,-0.0122123249044102,0.0103156446693859,-0.8610164411675947,-0.5083259391674658,0.1148478910326957,0.0,0.0,,,
1742481040.0977838,747,odom,base_footprint,2.229416075511993,1.3829772977210972,0.0,-0.0123670383691006,0.0101296478958106,-0.8532250791044538,-0.5212979347538169,0.1291848719120025,0.0,0.0,,,
1742481041.0976934,757,odom,base_footprint,2.173528965385225,1.4991459299422252,0.0,-0.0126123910671089,0.0098224740308244,-0.8401481331691742,-0.5421214686062042,0.12916861474514,0.0,0.0,,,
1742481042.0977154,767,odom,base_footprint,2.1231835121337044,1.620217301916821,0.0,-0.0129217052683145,0.009411850905891,-0.8222821050830917,-0.5688556161729577,0.1292142570018768,0.0,0.0,,,
1742481043.0977826,777,odom,base_footprint,2.0824281238811992,1.730515328118582,0.0,-0.0130013585049503,0.0093015096377773,-0.8174097408590556,-0.575834948522689,0.128414511680603,0.0,0.0,,,
1742481044.097758,787,odom,base_footprint,2.0412549030313745,1.8545543226614711,0.0,-0.0131578327349305,0.0090788128208207,-0.8074876535241828,-0.5896679250200113,0.1426717340946197,0.0,0.0,,,
1742481045.0977037,797,odom,base_footprint,2.0035969827448827,1.9810918681843035,0.0,-0.0133605244228322,0.0087778010721828,-0.7938945958456768,-0.60784532825253,0.11482635140419,0.0,0.0,,,
1742481046.097776,807,odom,base_footprint,1.975949972108961,2.096964809461972,0.0,-0.0136041949559383,0.0083951941083415,-0.7763288184713177,-0.6301254938520772,0.1346455216407776,0.0,0.0,,,
1742481047.0977426,817,odom,base_footprint,1.9519239784250504,2.221360938734575,0.0,-0.0137451516911642,0.0081623654355091,-0.7654883911847228,-0.6432511914896242,0.12907674908638,0.0,0.0,,,
1742481048.097733,827,odom,base_footprint,1.9321767155207548,2.353922482431436,0.0,-0.0139343065242919,0.0078350817610912,-0.7500648179931688,-0.6611711890276759,0.142721801996231,0.0,0.0,,,
1742481049.0978315,837,odom,base_footprint,1.919413308335028,2.4766157973022644,0.0,-0.014101449980625,0.0075301071014853,-0.7355045067140868,-0.6773313022403911,0.1291846930980682,0.0,0.0,,,
1742481050.0977778,847,odom,base_footprint,1.911244411784793,2.601931222145046,0.0,-0.014261919657898,0.0072215685406683,-0.7205960959854267,-0.6931708583328917,0.100460946559906,0.0,0.0,,,
1742481051.0976574,857,odom,base_footprint,1.9093624835854377,2.730387694342899,0.0,-0.014395974474483,0.0069504908780562,-0.7073547967933979,-0.7066779774726017,0.1291559338569641,0.0,0.0,,,
1742481052.0976462,867,odom,base_footprint,1.9121715229803569,2.8619350537894643,0.0,-0.0145625368124146,0.0065943859534438,-0.6897633861496353,-0.7238584416298434,0.1291936635971069,0.0,0.0,,,
1742481053.0978444,877,odom,base_footprint,1.9207995879159148,2.9796425432673024,0.0,-0.0147143885278454,0.0062482137261396,-0.6724550399561093,-0.7399653989403988,0.1148262992501258,0.0,0.0,,,
1742481054.0976794,887,odom,base_footprint,1.9361508888965775,3.110099683147163,0.0,-0.0148580126083883,0.0058985477742308,-0.6547706866633518,-0.7556586003466108,0.1291882246732711,0.0,0.0,,,
1742481055.0976338,897,odom,base_footprint,1.9555978412260224,3.2298881675367763,0.0,-0.0149669337691437,0.0056164310790726,-0.6403591283795665,-0.767909343016712,-0.114800788462162,0.0,0.0,,,
1742481056.0976608,907,odom,base_footprint,1.953694364464849,3.219217413561561,0.0,-0.0111075667184868,0.0114967545903299,-0.9079701313796512,-0.4187300000164967,0.0143528338521718,0.0,0.0,,,
1742481057.0977645,917,odom,base_footprint,1.9547230109395255,3.2191135841768195,0.0,-0.0036440834536925,0.0155651553252267,-0.9942495412043098,0.1058887255868906,0.0,0.0,0.0,,,
1742481058.097592,927,odom,base_footprint,1.9077379969284736,3.1751482454941726,0.0,0.0005422139640725,0.0159768397542528,-0.9322076630220572,0.3615708027404187,0.1291084587574005,0.0,0.0,,,
1742481059.0977254,937,odom,base_footprint,1.8206237705025663,3.098172977627617,0.0,0.0002550043082027,0.0159840037950041,-0.9385549580735482,0.3447595728431,0.1284416764974594,0.0,0.0,,,
1742481060.097603,947,odom,base_footprint,1.7192583079502186,3.0163884110941144,0.0,-0.0001078806424747,0.0159856737825744,-0.946138798303785,0.3233665825895832,0.1435190290212631,0.0,0.0,,,
1742481061.0977535,957,odom,base_footprint,1.6125717173352228,2.93787193929035,0.0,-0.0005009373313741,0.0159781872033702,-0.9538043192223652,0.3000031550236709,0.1434757560491562,0.0,0.0,,,
1742481062.097655,967,odom,base_footprint,1.516951864594236,2.8737369214856283,0.0,-0.0007728906022269,0.0159673430674266,-0.9587735834427662,0.2837213211651765,0.1148339360952377,0.0,0.0,,,
1742481063.0976386,977,odom,base_footprint,1.4034028693346987,2.8042408952033595,0.0,-0.001210531023019,0.015940138617911,-0.9661944431739662,0.2573186164488413,0.1284397840499878,0.0,0.0,,,
1742481064.0976188,987,odom,base_footprint,1.287836484719972,2.7418070122014746,0.0,-0.0015870883911275,0.015907059909193,-0.9720084820093196,0.2344015428561306,0.1141589507460594,0.0,0.0,,,
1742481065.0976162,997,odom,base_footprint,1.1842779319308978,2.690985937169534,0.0,-0.0018726897445739,0.0158759704470774,-0.9760638301464072,0.2168962237368881,0.1291809678077697,0.0,0.0,,,
1742481066.0976405,1007,odom,base_footprint,1.063510393253513,2.638201804092734,0.0,-0.0022475457159211,0.0158272531656871,-0.9809193561510188,0.193757036310083,0.1291787922382354,0.0,0.0,,,
1742481067.0975337,1017,odom,base_footprint,0.941222020594286,2.5921193651016874,0.0,-0.0027254988583568,0.0157519859220672,-0.9863337605727692,0.1639825757383238,0.1291094571352005,0.0,0.0,,,
1742481068.09751,1027,odom,base_footprint,0.826693553258047,2.555484131473854,0.0,-0.0030378252961329,0.0156947450436789,-0.9893961924193178,0.144359782548855,0.1291777044534683,0.0,0.0,,,
1742481069.0975926,1037,odom,base_footprint,0.6997600210193229,2.521704400738511,0.0,-0.0034671372310154,0.0156055235073103,-0.9929833085024072,0.1171696267255689,0.1291758418083191,0.0,0.0,,,
1742481070.0976317,1047,odom,base_footprint,0.5717868359014233,2.494120620915743,0.0,-0.0038351528569245,0.0155191819075598,-0.9954761179376386,0.0936582671588849,0.1292003393173217,0.0,0.0,,,
1742481071.097639,1057,odom,base_footprint,0.45303303916188,2.473865265053329,0.0,-0.004128030497432,0.0154438586087862,-0.9970696581196344,0.0748108899064263,0.1291616111993789,0.0,0.0,,,
1742481072.0974855,1067,odom,base_footprint,0.3227349544812465,2.457209237409588,0.0,-0.0044339611895852,0.0153588213312468,-0.998358857895818,0.0549923926771173,0.1291609704494476,0.0,0.0,,,
1742481073.0975542,1077,odom,base_footprint,0.192488633651723,2.446546121013455,0.0,-0.0048679393765156,0.0152268371877576,-0.9995172011815224,0.0266446417437387,0.1291741132736206,0.0,0.0,,,
1742481074.0977511,1087,odom,base_footprint,0.0722981456980909,2.442936472957681,0.0,-0.005198019984482,0.0151173407964772,-0.9998602928167784,0.0048956347640105,0.128401517868042,0.0,0.0,,,
1742481075.0975113,1097,odom,base_footprint,-0.0581302874897606,2.445528110339637,0.0,-0.0056389904654227,0.0149584488182024,-0.9995740267413862,-0.0244200216094662,0.1284239143133163,0.0,0.0,,,
1742481076.097551,1107,odom,base_footprint,-0.1864346750601466,2.455450299902978,0.0,-0.0059349827975607,0.0148434963438055,-0.9988918112654928,-0.0442687449352173,0.114816166460514,0.0,0.0,,,
1742481077.0978484,1117,odom,base_footprint,-0.3070940488530653,2.4684317864355902,0.0,-0.0062425547018375,0.0147167902516301,-0.9977544263894612,-0.065043654660804,0.1148220375180244,0.0,0.0,,,
1742481078.0976017,1127,odom,base_footprint,-0.3832147389823639,2.479360675442896,0.0,-0.0054546206106468,0.0150266602580152,-0.9997987405405684,-0.0121264506302998,0.0430578216910362,0.0,0.0,,,
1742481079.098309,1137,odom,base_footprint,-0.3816173536905216,2.4802279835670618,0.0,0.0032859522867802,0.0156446771166717,-0.855999181440761,0.516730078246025,0.0142693649977445,0.0,0.0,,,
1742481080.09847,1147,odom,base_footprint,-0.3816618008393546,2.482800364079196,0.0,-0.0106279849972274,-0.0119414965316168,0.4858915625684162,-0.8738729666354368,0.0143524762243032,0.0,0.0,,,
1742481081.097723,1157,odom,base_footprint,-0.3182388283756738,2.4307469417123064,0.0,-0.0123549662626766,-0.0101443685443714,0.3441532465437354,-0.9387774578060568,0.1292130202054977,0.0,0.0,,,
1742481082.0976918,1167,odom,base_footprint,-0.220681592693718,2.343448955412605,0.0,-0.0120720741075767,-0.0104794289566313,0.369772934596637,-0.9289846872963984,0.1148193553090095,0.0,0.0,,,
1742481083.0977263,1177,odom,base_footprint,-0.125416803428922,2.2485447282037847,0.0,-0.0118005216079986,-0.0107842985073238,0.3933760255574774,-0.9192387475014306,0.1435193717479705,0.0,0.0,,,
1742481084.097776,1187,odom,base_footprint,-0.0464930483117136,2.1619900581171114,0.0,-0.0115631210793713,-0.0110384616419004,0.4132805780283338,-0.9104634733013524,0.1292601525783538,0.0,0.0,,,
1742481085.0975964,1197,odom,base_footprint,0.0363921819770332,2.064405760336032,0.0,-0.011394738108718,-0.0112121963927518,0.4270124122810661,-0.904104513952508,0.1291792243719101,0.0,0.0,,,
1742481086.0975797,1207,odom,base_footprint,0.117250754008924,1.9611647171881093,0.0,-0.0111155663968429,-0.0114890203321817,0.4491166425120674,-0.893330181853319,0.1291698664426803,0.0,0.0,,,
1742481087.0976515,1217,odom,base_footprint,0.1862806523784104,1.8643315732534416,0.0,-0.0109072948847837,-0.0116869295716317,0.4650987004426929,-0.8851145526076918,0.1435580104589462,0.0,0.0,,,
1742481088.097644,1227,odom,base_footprint,0.2572306796005699,1.7553705499290002,0.0,-0.0106052860461046,-0.0119616601020179,0.4875503818273218,-0.8729485652496536,0.1292103677988052,0.0,0.0,,,
1742481089.0976365,1237,odom,base_footprint,0.3231248173457657,1.6419897262758396,0.0,-0.0103079240323324,-0.0122188422798386,0.5088700273388964,-0.860694991078435,0.1291739791631698,0.0,0.0,,,
1742481090.097586,1247,odom,base_footprint,0.3770691211221033,1.5400144918093497,0.0,-0.0102035286945776,-0.0123061532045899,0.5161788800059185,-0.8563316741936104,0.1426933109760284,0.0,0.0,,,
1742481091.097553,1257,odom,base_footprint,0.4356848594289748,1.422458589633314,0.0,-0.0099334002991667,-0.0125252130924955,0.5346857527341285,-0.8448998273254259,0.1435757279396057,0.0,0.0,,,
1742481092.0975072,1267,odom,base_footprint,0.4882819276196271,1.3028198684356838,0.0,-0.0095740140165831,-0.0128020178146329,0.5584434350264023,-0.829388631624107,0.1291468292474746,0.0,0.0,,,
1742481093.0975456,1277,odom,base_footprint,0.5296688821267062,1.1925300527148712,0.0,-0.0092316225316125,-0.0130510746664684,0.5802121239970423,-0.8143085800593269,0.1291128993034362,0.0,0.0,,,
1742481094.0975325,1287,odom,base_footprint,0.5696506349766741,1.0646106267692197,0.0,0.0088701470258049,0.0132993945823302,-0.6023309450637225,0.7980864646202435,0.1426824927330017,0.0,0.0,,,
1742481095.0978217,1297,odom,base_footprint,0.6021133287337272,0.9387036354175806,0.0,0.0085276246878462,0.0135215761543965,-0.6225154159483931,0.7824443298395071,0.1141678988933563,0.0,0.0,,,
1742481096.097543,1307,odom,base_footprint,0.626359029644058,0.8231953621496515,0.0,0.008257363018313,0.0136882928263427,-0.6379343034128162,0.7699249294058489,0.1435234397649765,0.0,0.0,,,
1742481097.0975573,1317,odom,base_footprint,0.6473017804974599,0.6941968852918101,0.0,0.0078656489708382,0.0139170747926229,-0.6595231887657842,0.7515142951877949,0.1291695535182953,0.0,0.0,,,
1742481098.0975945,1327,odom,base_footprint,0.6608551523565906,0.5633214968897899,0.0,0.0074675995259923,0.0141346511041238,-0.6805810888975694,0.7324984326443265,0.1292134374380111,0.0,0.0,,,
1742481099.0975308,1337,odom,base_footprint,0.6660909634659316,0.4445295912448004,0.0,0.0070499683097356,0.0143475207387071,-0.7017649850848247,0.7122292314278402,0.1291810721158981,0.0,0.0,,,
1742481100.0975912,1347,odom,base_footprint,0.6640668422519824,0.3149717953387707,0.0,0.0066262771409327,0.0145480533325755,-0.7223454089740339,0.6913477290955197,0.1148184686899185,0.0,0.0,,,
1742481101.097571,1357,odom,base_footprint,0.6545534925130081,0.1828456953373605,0.0,0.0062386813243665,0.0147184326559898,-0.7404008194146815,0.6719755940519452,0.1148209422826767,0.0,0.0,,,
1742481102.0979798,1367,odom,base_footprint,0.6406080098236497,0.0643018312974357,0.0,0.0059170116372816,0.0148506692711198,-0.7548441405851426,0.6557094599101599,0.1435089856386184,0.0,0.0,,,
1742481103.09752,1377,odom,base_footprint,0.6191330891112012,-0.0648399062180518,0.0,0.0055642009861895,0.014986429591507,-0.7701378726171746,0.6376772142331015,0.1291892230510711,0.0,0.0,,,
1742481104.097494,1387,odom,base_footprint,0.6057005279605097,-0.1294658050129808,0.0,0.0076938262904533,0.0140127956357123,-0.6687194503129406,0.743343035996541,0.0143516464158892,0.0,0.0,,,
1742481105.0977578,1397,odom,base_footprint,0.6060994527820007,-0.1299728449732224,0.0,-0.0133747591279936,-0.0087560963210816,0.2411440102658475,-0.9703577374887578,0.0143537754192948,0.0,0.0,,,
1742481106.0976074,1407,odom,base_footprint,0.6019043448464174,-0.1301806350549452,0.0,-0.0159660912304818,-0.0007983328477782,-0.2821931993599212,-0.959224463108822,-0.0142661100253462,0.0,0.0,,,
1742481107.0975752,1417,odom,base_footprint,0.6006937358158422,-0.133597264188916,0.0,-0.0140753928407253,0.0075787017948437,-0.7378364193617015,-0.6747903308842678,0.0,0.0,0.0,,,
1742481108.097638,1427,odom,base_footprint,0.574453554309551,-0.0389188115319099,0.0,-0.0134130326653237,0.008697353576512,-0.7902274630800151,-0.6126051983010913,0.1291783899068832,0.0,0.0,,,
1742481109.0975163,1437,odom,base_footprint,0.5476357835911514,0.0792023389941665,0.0,-0.0136622567948038,0.0083003700995043,-0.7719273431114964,-0.6355098341868695,0.1294064670801162,0.0,0.0,,,
1742481110.0975282,1447,odom,base_footprint,0.5248488376062959,0.2063140844845961,0.0,-0.01382442517189,0.0080273702532474,-0.7591524425525328,-0.6507166367612861,0.1294176280498504,0.0,0.0,,,
1742481111.0976126,1457,odom,base_footprint,0.5067936746078454,0.3330682404251157,0.0,-0.0138847722958978,0.0079225313383397,-0.7542067509589233,-0.656442494967671,0.1434944570064544,0.0,0.0,,,
1742481112.0976655,1467,odom,base_footprint,0.4924345409255248,0.4515606429851031,0.0,-0.0140249040831445,0.007671731875822,-0.7422881778530145,-0.6698901651845979,0.1147846579551696,0.0,0.0,,,
1742481113.0975244,1477,odom,base_footprint,0.4818285327106499,0.5815969588497896,0.0,-0.0142023797607734,0.0073379706763302,-0.7262412171509065,-0.6872541501530319,0.1291890144348144,0.0,0.0,,,
1742481114.0975213,1487,odom,base_footprint,0.4786871688530203,0.711798594760165,0.0,-0.0144048595813519,0.0069320577722233,-0.7064496417801603,-0.7075828403940272,0.1147984638810157,0.0,0.0,,,
1742481115.0976815,1497,odom,base_footprint,0.4816838421248035,0.8302247458049741,0.0,-0.014577179302906,0.0065619545934757,-0.6881504273015768,-0.7253920056052819,0.1141485869884491,0.0,0.0,,,
1742481116.097683,1507,odom,base_footprint,0.4910136123041124,0.955906499489148,0.0,-0.0146688113945576,0.0063544769089834,-0.6777894917174403,-0.7350822928821031,0.1142174154520034,0.0,0.0,,,
1742481117.0975797,1517,odom,base_footprint,0.5030024521057954,1.0847091478534416,0.0,-0.0147748705451172,0.0061038188776319,-0.6651764531283069,-0.7465151429107394,0.1147976741194725,0.0,0.0,,,
1742481118.0975733,1527,odom,base_footprint,0.5192931359106705,1.201376694712624,0.0,-0.014909615424971,0.0057668685085906,-0.6480597714277121,-0.761421765546834,0.1435240358114242,0.0,0.0,,,
1742481119.0975826,1537,odom,base_footprint,0.5431907130487954,1.3303159799552635,0.0,-0.0150366770845211,0.0054269463579204,-0.6306091316838057,-0.775936012457466,0.1291439980268478,0.0,0.0,,,
1742481120.0975163,1547,odom,base_footprint,0.5734204821032725,1.4604289858168782,0.0,-0.0151607941531568,0.0050698841368927,-0.612085676095457,-0.7906299371451624,0.1142136678099632,0.0,0.0,,,
1742481121.0975585,1557,odom,base_footprint,0.6056552545764953,1.5744285806908684,0.0,-0.0152494569652638,0.0047966099258199,-0.5977783749271514,-0.8015020816322628,0.1291774660348892,0.0,0.0,,,
1742481122.0975266,1567,odom,base_footprint,0.6434711725576192,1.6976788039308028,0.0,-0.0153116370563987,0.0045942545825223,-0.5871123938905926,-0.8093476442984522,0.1291714161634445,0.0,0.0,,,
1742481123.0976324,1577,odom,base_footprint,0.6867439886977207,1.8200574695018916,0.0,-0.0153958057636444,0.0043037854737478,-0.5716970776215692,-0.8203091026133709,0.1292007267475128,0.0,0.0,,,
1742481124.09768,1587,odom,base_footprint,0.7300881750823212,1.930548487143272,0.0,-0.015489532758892,0.0039531986323886,-0.5529291204362815,-0.8330750027248185,0.1291596591472625,0.0,0.0,,,
1742481125.0975983,1597,odom,base_footprint,0.7831002765149555,2.0490355348212006,0.0,-0.0155545919883942,0.0036889121147691,-0.5386656484527879,-0.8423680262025226,0.1148369386792182,0.0,0.0,,,
1742481126.0975728,1607,odom,base_footprint,0.8378633175709163,2.164268054511004,0.0,-0.0156151423398375,0.0034235557863896,-0.524246002178734,-0.851416878850197,0.1291717588901519,0.0,0.0,,,
1742481127.0986998,1617,odom,base_footprint,0.8948842273119646,2.272154008739057,0.0,-0.0156741455210797,0.0031423823287315,-0.5088604809915209,-0.8607006351086737,0.1435388773679733,0.0,0.0,,,
1742481128.0975404,1627,odom,base_footprint,0.9562520713903696,2.3786546779080164,0.0,-0.0157171518553723,0.0029196818441527,-0.4965976736150297,-0.8678336954460437,0.1148821264505386,0.0,0.0,,,
1742481129.0984373,1637,odom,base_footprint,1.0251439261444366,2.488916150579918,0.0,-0.0157959961663807,0.0024576227594148,-0.4709405775469821,-0.8820201498895084,0.1291770339012146,0.0,0.0,,,
1742481130.0983725,1647,odom,base_footprint,1.0988467617083826,2.593045518005712,0.0,-0.0158593670528473,0.002008452438812,-0.4457253598614815,-0.8950270811365146,0.1148267462849617,0.0,0.0,,,
1742481131.097645,1657,odom,base_footprint,1.1751208608730563,2.689427064335073,0.0,-0.0159054838201607,0.0016028065892408,-0.4227242510402403,-0.9061174206325934,0.1284288316965103,0.0,0.0,,,
1742481132.0976975,1667,odom,base_footprint,1.2605022869974278,2.7872011040606277,0.0,-0.0159279183739149,0.0013619180554684,-0.4089631510979216,-0.9124109345220798,0.1435375958681106,0.0,0.0,,,
1742481133.097627,1677,odom,base_footprint,1.3498057668683394,2.8823045682050705,0.0,-0.0159592794637797,0.000924555846279,-0.3837849060687802,-0.9232842023262252,0.1291711628437042,0.0,0.0,,,
1742481134.097519,1687,odom,base_footprint,1.4334030767535455,2.962433374872276,0.0,-0.0159756150886433,0.000577171599631,-0.3636097013776966,-0.9314142781036904,0.129183679819107,0.0,0.0,,,
1742481135.0975003,1697,odom,base_footprint,1.533145904866085,3.048572877687781,0.0,-0.0159858459702663,7.831430794825664e-05,-0.334364474474373,-0.9423083203500182,0.1284458488225937,0.0,0.0,,,
1742481136.0975015,1707,odom,base_footprint,1.6365496458193285,3.128856783815884,0.0,-0.0159832285209264,-0.0002996841066069,-0.3119906354569255,-0.9499507438696916,0.128402292728424,0.0,0.0,,,
1742481137.0975957,1717,odom,base_footprint,1.7326997822802772,3.195748842463437,0.0,-0.0159703639844779,-0.0007077278567358,-0.2876313287088606,-0.9576078483056474,0.1435629427433014,0.0,0.0,,,
1742481138.097535,1727,odom,base_footprint,1.842273690229297,3.264078219412512,0.0,-0.01594708399735,-0.0011153100454004,-0.2630844363853568,-0.964640426129444,0.1435319483280182,0.0,0.0,,,
1742481139.0977275,1737,odom,base_footprint,1.9559108579136508,3.327250758738505,0.0,-0.0159104957413056,-0.0015522660151549,-0.2365285868930183,-0.9714930776767212,0.129186525940895,0.0,0.0,,,
1742481140.0976355,1747,odom,base_footprint,2.0621453451238336,3.379164603711436,0.0,-0.0158675144302792,-0.0019430363663063,-0.2125680115729154,-0.9770155642810064,0.1148255318403244,0.0,0.0,,,
1742481141.0975993,1757,odom,base_footprint,2.0695778330391805,3.382292586745057,0.0,-0.0155921270862169,0.0035268934550353,-0.529873093866553,-0.8479263392463305,0.0,0.0,0.0,,,
1742481142.0975697,1767,odom,base_footprint,2.0697281340169216,3.379768479348296,0.0,-0.011506755449204,0.0110972061145191,-0.8926118761363424,-0.4505425739835861,0.0,0.0,0.0,,,
1742481143.0980046,1777,odom,base_footprint,2.0656745309041136,3.378095514036734,0.0,-0.0054312973692086,0.015035106032321,-0.9998163533726618,-0.0105750612286079,0.1435260027647018,0.0,0.0,,,
1742481144.097561,1787,odom,base_footprint,2.033967314990444,3.378910305918391,0.0,-0.0016525965357066,0.0159003877061561,-0.9729657425087644,0.230395825256807,-0.014357547275722,0.0,0.0,,,
1742481145.097624,1797,odom,base_footprint,2.034857486226133,3.380787416225389,0.0,0.0067726459806704,0.0144804927725688,-0.7153369774481594,0.6985968659296489,0.0,0.0,0.0,,,
1742481146.0977387,1807,odom,base_footprint,2.033917827938432,3.381745228524348,0.0,-0.0127903283245611,-0.0095896249074631,0.3024168221893907,-0.953041781900598,0.0,0.0,0.0,,,
1742481147.0975585,1817,odom,base_footprint,2.11494002257664,3.3610004189480165,0.0,-0.0142576893814731,-0.0072299168748567,0.1328147683437415,-0.9910120128944928,0.128354862332344,0.0,0.0,,,
1742481148.0978434,1827,odom,base_footprint,2.235743997575331,3.3258676403319383,0.0,-0.0141325282093671,-0.0074716163530625,0.1496682110903792,-0.9886071004096632,0.1148254796862602,0.0,0.0,,,
1742481149.0984156,1837,odom,base_footprint,2.346034885944553,3.28843569645012,0.0,-0.0139445153459902,-0.0078168981240229,0.1739343683342456,-0.9846275478085932,0.1291776895523071,0.0,0.0,,,
1742481150.0983014,1847,odom,base_footprint,2.465292468717852,3.241856036807212,0.0,-0.0138246164882126,-0.0080270407666678,0.1888159140654108,-0.981882438475727,0.1004713252186775,0.0,0.0,,,
1742481151.0984347,1857,odom,base_footprint,2.4734748591556097,3.2375771441687102,0.0,-0.0157937162603555,-0.0024722320286113,-0.1797981126051434,-0.9835736937794872,0.0,0.0,0.0,,,
1742481152.0976791,1867,odom,base_footprint,2.47126881079882,3.234694948337639,0.0,-0.0150940123845448,0.0052653769714157,-0.6222515245227458,-0.7826542101212481,0.0,0.0,0.0,,,
1742481153.097751,1877,odom,base_footprint,2.45328135717568,3.2604972643602173,0.0,-0.0119015199159747,0.01067273293049,-0.8756906206711701,-0.4826080285904257,0.1148345172405242,0.0,0.0,,,
1742481154.0978053,1887,odom,base_footprint,2.386966074407246,3.370783449696906,0.0,-0.0121505473789654,0.0103883397570268,-0.8640346162799413,-0.5031786504427338,0.1148258000612258,0.0,0.0,,,
1742481155.0977523,1897,odom,base_footprint,2.329560401995021,3.4766910077284576,0.0,-0.0123832236142965,0.0101098554606006,-0.8523902391649025,-0.5226618912526494,0.1218539997935295,0.0,0.0,,,
1742481156.097908,1907,odom,base_footprint,2.3126922492634705,3.510447962748991,0.0,-0.0096460452842889,0.0127478317720841,-0.951696251832114,-0.306624879356033,0.0,0.0,0.0,,,
1742481157.0976927,1917,odom,base_footprint,2.3147919079670998,3.510626049296898,0.0,-0.0017929668620826,0.0158851715240152,-0.9749626856964202,0.2217934487107753,-0.0287085864692926,0.0,0.0,,,
1742481158.0978537,1927,odom,base_footprint,2.315820282798496,3.512512541253283,0.0,0.0065342747733188,0.0145896078666521,-0.7266968327529102,0.6867723681528584,0.0,0.0,0.0,,,
1742481159.0977757,1937,odom,base_footprint,2.329450584504316,3.500472360980528,0.0,-0.0118544922114967,-0.0107249437725086,0.3887580266135571,-0.921201264184396,0.1004829406738281,0.0,0.0,,,
1742481160.097667,1947,odom,base_footprint,2.417564189991577,3.407285662838523,0.0,-0.0116391224300988,-0.0109582951946495,0.4069792717289223,-0.9132975663902714,0.1291854530572891,0.0,0.0,,,
1742481161.097865,1957,odom,base_footprint,2.454169698248786,3.365187410753867,0.0,-0.013218016578271,-0.0089909644784339,0.25824551022895,-0.965947114928134,0.0,0.0,0.0,,,
1742481162.0977712,1967,odom,base_footprint,2.4546066396404216,3.3658587808737,0.0,-0.0158805977716702,-0.0018330354416467,-0.2193331577484905,-0.9755191122184494,0.0,0.0,0.0,,,
1742481163.097825,1977,odom,base_footprint,2.4541270871737235,3.3641076299045163,0.0,-0.0146668516750324,0.006358998856621,-0.6780160781155234,-0.734873302146867,0.0,0.0,0.0,,,
1742481164.0977385,1987,odom,base_footprint,2.426436466797953,3.4076111702771046,0.0,-0.0120152732270434,0.0105445063324654,-0.8704655556156576,-0.4919698048438752,0.1148367822170257,0.0,0.0,,,
1742481165.097756,1997,odom,base_footprint,2.36854533845246,3.508668772088474,0.0,-0.0122709338416375,0.0102458570734743,-0.8581045875743409,-0.5132261579218915,0.1291790604591369,0.0,0.0,,,
1742481166.0976958,2007,odom,base_footprint,2.3374099973223297,3.5688963689157878,0.0,-0.010710026232504,0.0118679712931479,-0.921689465557127,-0.3875991505052785,0.0,0.0,0.0,,,
1742481167.0976937,2017,odom,base_footprint,2.339623218101191,3.5690103471876307,0.0,-0.0031272895835825,0.0156771637861038,-0.9902034444932456,0.1387144942142248,0.0,0.0,0.0,,,
1742481168.097808,2027,odom,base_footprint,2.342859457441482,3.571800877186595,0.0,0.0045603251112354,0.0153217766396637,-0.8106462245665342,0.5853180938493364,-0.0143558662384748,0.0,0.0,,,
1742481169.097787,2037,odom,base_footprint,2.341695222231055,3.575034154455776,0.0,-0.0118612263572114,-0.0107174956878415,0.3881793307864018,-0.9214452667096495,0.0,0.0,0.0,,,
1742481170.097753,2047,odom,base_footprint,2.4025187030452693,3.525807859789478,0.0,-0.0124500535149235,-0.0100274409492875,0.335287602493968,-0.9419802524497226,-0.0861032828688621,0.0,0.0,,,
1742481171.0977712,2057,odom,base_footprint,2.401813079453498,3.52561206100524,0.0,-0.0157181243318036,-0.0029144419716083,-0.1521275001387521,-0.988231651027698,0.0,0.0,0.0,,,
1742481172.0977695,2067,odom,base_footprint,2.399277296425549,3.522182725405481,0.0,-0.0149313731812505,0.0057102976663342,-0.6451682039610906,-0.7638733932982722,-0.0143576115369796,0.0,0.0,,,
1742481173.0977557,2077,odom,base_footprint,2.40113715082363,3.5171927275014663,0.0,-0.0098458492907653,0.0125941516689074,-0.9467431903735448,-0.3215927609146668,0.0,0.0,0.0,,,
1742481174.0978172,2087,odom,base_footprint,2.315237591548837,3.573866392396301,0.0,-0.0095453130077975,0.0128234318378147,-0.9540824384824148,-0.2991174902456318,0.0861149132251739,0.0,0.0,,,
1742481175.097833,2097,odom,base_footprint,2.303717226784894,3.582400493113786,0.0,-0.0043956795288283,0.015369821274034,-0.998218740434094,0.0574797237081656,0.0,0.0,0.0,,,
1742481176.097728,2107,odom,base_footprint,2.306031949019912,3.583994605009992,0.0,0.0041626940364106,0.0154345515929404,-0.8255072402472593,0.5641651962774289,0.0,0.0,0.0,,,
1742481177.0977752,2117,odom,base_footprint,2.305197648947313,3.587536604797287,0.0,-0.0109914507263646,-0.0116078169974292,0.4586914199085938,-0.8884518859756191,0.0,0.0,0.0,,,
1742481178.097806,2127,odom,base_footprint,2.3249970928177413,3.5876098857690817,0.0,-0.0149097276024403,-0.0057665784774801,0.0329587435550978,-0.9993289216342462,0.1284275949001312,0.0,0.0,,,
1742481179.097713,2137,odom,base_footprint,2.394807835965456,3.5822591573220155,0.0,-0.0153999493435061,-0.0042889351514514,-0.0644041608013493,-0.9977959092233591,-0.0287051703780889,0.0,0.0,,,
1742481180.0978675,2147,odom,base_footprint,2.391532117402559,3.580309741745197,0.0,-0.0156130044300442,0.0034332924698207,-0.5247768299833129,-0.8510898020209509,0.0,0.0,0.0,,,
1742481181.0977857,2157,odom,base_footprint,2.3915840925697185,3.5756025972246723,0.0,-0.0115313134305428,0.0110716852864634,-0.8916114936264705,-0.4525190789619488,0.0,0.0,0.0,,,
1742481182.0977468,2167,odom,base_footprint,2.3945425630435944,3.5745159353097637,0.0,-0.0041674504783188,0.0154332679956861,-0.9972574256037934,0.0722647872029724,0.0,0.0,0.0,,,
1742481183.0977952,2177,odom,base_footprint,2.322915342543573,3.5408573420727416,0.0,-0.0019432068583415,0.0158674935519635,-0.9770178482103538,0.2125575137928711,0.1435481458902359,0.0,0.0,,,
1742481184.0978334,2187,odom,base_footprint,2.202420270245136,3.4908655164262257,0.0,-0.0024673464052053,0.015794480245726,-0.983518029374964,0.1801023550256454,0.1291512697935104,0.0,0.0,,,
1742481185.0977378,2197,odom,base_footprint,2.080177364467381,3.449277577489041,0.0,-0.0029590677335068,0.015709784297196,-0.9886596891705292,0.1493204319596912,0.1292471885681152,0.0,0.0,,,
1742481186.097822,2207,odom,base_footprint,1.9876938705039584,3.422648399467998,0.0,-0.0032112805043743,0.0156601750321679,-0.9909327832145592,0.1334046158948172,-0.2009661495685577,0.0,0.0,,,
1742481187.097791,2217,odom,base_footprint,1.993987730328031,3.4261235064326385,0.0,0.0047964801595514,0.0152494977817283,-0.8015071684312833,0.5977715544793534,0.0143523840233683,0.0,0.0,,,
1742481188.0977812,2227,odom,base_footprint,1.9932872324413524,3.429869725294277,0.0,-0.011965409353383,-0.0106010557739257,0.3791548650686474,-0.925195201395993,0.0143547402694821,0.0,0.0,,,
1742481189.097814,2237,odom,base_footprint,2.042759650869228,3.422973604412653,0.0,-0.014618397866684,-0.0064696095961994,0.0804802117737077,-0.9966280689927688,0.129192516207695,0.0,0.0,,,
1742481190.097761,2247,odom,base_footprint,2.162389447086656,3.4001082425559224,0.0,-0.0144289437172398,-0.0068817866663123,0.1087260964012705,-0.9939432621396144,0.1291903108358383,0.0,0.0,,,
1742481191.097679,2257,odom,base_footprint,2.289104648101443,3.3681231635239164,0.0,-0.0142416338915966,-0.0072614921754165,0.1350103866161792,-0.9907152809446044,0.1435288786888122,0.0,0.0,,,
1742481192.0977297,2267,odom,base_footprint,2.413580553015158,3.3297968206810635,0.0,-0.0140298635022311,-0.0076626584567414,0.1630664293730904,-0.9864856369977756,0.1148292571306228,0.0,0.0,,,
1742481193.097639,2277,odom,base_footprint,2.523450019535934,3.288570141317965,0.0,-0.0137915281259076,-0.0080837588081417,0.1928474847378685,-0.981098578136608,0.12836554646492,0.0,0.0,,,
1742481194.097703,2287,odom,base_footprint,2.6407691326927303,3.2362332952003663,0.0,-0.0135405574248979,-0.0084974530971903,0.2224518598564614,-0.9748126704335542,0.1292390525341034,0.0,0.0,,,
1742481195.0976238,2297,odom,base_footprint,2.6341740749647125,3.2377380165684047,0.0,-0.0158568427232012,-0.0020282858199894,-0.2073141218662739,-0.9781438683885983,0.0,0.0,0.0,,,
1742481196.0976024,2307,odom,base_footprint,2.6308009039776747,3.233321545053428,0.0,-0.0149671219825736,0.005615929493385,-0.6403333932956872,-0.7679308027562295,0.0,0.0,0.0,,,
1742481197.09761,2317,odom,base_footprint,2.632638304636557,3.228174076992145,0.0,-0.0096983452428682,0.0127080881357521,-0.9504282825780096,-0.3105328518324775,-0.0142718311399221,0.0,0.0,,,
1742481198.0975504,2327,odom,base_footprint,2.539031118924945,3.2725325039478155,0.0,-0.0085827022010882,0.0134866833374015,-0.9733899761994328,-0.2285968648644677,0.1284424066543579,0.0,0.0,,,
1742481199.0977256,2337,odom,base_footprint,2.4361317079772924,3.327549263553792,0.0,-0.0089744225474549,0.0132292533597192,-0.9662694078241848,-0.2570369698982916,0.1291768103837967,0.0,0.0,,,
1742481200.097567,2347,odom,base_footprint,2.3235614538649245,3.3961004854483843,0.0,-0.0093338922122184,0.0129781300920663,-0.9588559995518472,-0.2834426653043329,0.1292016059160232,0.0,0.0,,,
1742481201.0975585,2357,odom,base_footprint,2.217064036466186,3.4699056677508127,0.0,-0.0097343858720703,0.0126805022065195,-0.9495428137730524,-0.3132299749438907,0.1291833817958831,0.0,0.0,,,
1742481202.0975368,2367,odom,base_footprint,2.126656542134798,3.540823872479438,0.0,-0.010101975445967,0.0123896528040534,-0.9399511673223426,-0.3409345618161377,0.1434962302446365,0.0,0.0,,,
1742481203.0976737,2377,odom,base_footprint,2.124756391588418,3.543416748637733,0.0,-0.0044490851343277,0.0153544471077083,-0.998412532843606,0.0540091348959727,-0.0143598755821585,0.0,0.0,,,
1742481204.0976958,2387,odom,base_footprint,2.1276705832926277,3.545831347581577,0.0,0.0042112073645275,0.0154213857045616,-0.8237291429599917,0.5667582124943528,-0.0143533796072006,0.0,0.0,,,
1742481205.0976944,2397,odom,base_footprint,2.1309134462741897,3.544042012669641,0.0,-0.0106838557026041,-0.0118915361430658,0.4817890825529111,-0.8761414568003392,0.1291595250368118,0.0,0.0,,,
1742481206.0977848,2407,odom,base_footprint,2.1965401840521257,3.434891593592509,0.0,-0.010399684810149,-0.0121408385363394,0.5023713533492979,-0.864504248529405,0.1292181015014648,0.0,0.0,,,
1742481207.097806,2417,odom,base_footprint,2.2591635091904307,3.3229603062223765,0.0,-0.0102727950141951,-0.0122483912050618,0.5113394231488267,-0.8592302175349872,0.1291811168193817,0.0,0.0,,,
1742481208.0978315,2427,odom,base_footprint,2.3130828689593588,3.217719552649018,0.0,-0.0099921061250841,-0.0124784301777493,0.5307124144366466,-0.8474012659621303,0.1284184902906417,0.0,0.0,,,
1742481209.0977328,2437,odom,base_footprint,2.366466360726741,3.102818985167322,0.0,-0.0097302821157826,-0.0126836514641167,0.5482308581393013,-0.8361743230781734,0.1284459233283996,0.0,0.0,,,
1742481210.0977733,2447,odom,base_footprint,2.414302687192444,2.982161585495038,0.0,-0.0093173956304176,-0.0129899785674259,0.5748353115013926,-0.8181130343922489,0.1291611343622207,0.0,0.0,,,
1742481211.0977068,2457,odom,base_footprint,2.450758873343764,2.871317208894727,0.0,0.0089575637646782,0.0132406742999604,-0.5970605151433815,0.8020369777311493,0.1292036324739456,0.0,0.0,,,
1742481212.097792,2467,odom,base_footprint,2.483606509633763,2.745979098155252,0.0,0.008488760582109,0.0135460085743196,-0.6247597387723051,0.7806534706260887,0.1291948854923248,0.0,0.0,,,
1742481213.0978816,2477,odom,base_footprint,2.5086038454440605,2.6172512706171798,0.0,0.008127051676904,0.0137660610036727,-0.6452142506975419,0.7638344998022844,0.1284220963716507,0.0,0.0,,,
1742481214.098282,2487,odom,base_footprint,2.526568977284706,2.5030683920509724,0.0,0.0079440409761147,0.0138724769773,-0.6552728080254188,0.7552232249168978,0.1147724986076355,0.0,0.0,,,
1742481215.0978026,2497,odom,base_footprint,2.5412519580727864,2.373207275839499,0.0,0.0075472270656121,0.0140922946369993,-0.676437568710811,0.7363265498595057,0.1291828602552414,0.0,0.0,,,
1742481216.0977006,2507,odom,base_footprint,2.5485449110060525,2.242722444509836,0.0,0.0071443358478524,0.0143007646581922,-0.6970576367680936,0.7168369573443298,0.1148367300629615,0.0,0.0,,,
1742481217.097939,2517,odom,base_footprint,2.548398576112858,2.116920338451065,0.0,0.0067904967356554,0.0144721304098243,-0.7144749934001705,0.6994784172490404,0.1291841566562652,0.0,0.0,,,
1742481218.0977285,2527,odom,base_footprint,2.542636793054763,1.996146565737936,0.0,0.00640485222089,0.0146468861040314,-0.7327485679274744,0.6803117730802779,0.1292068809270858,0.0,0.0,,,
1742481219.0975623,2537,odom,base_footprint,2.5289177043770907,1.86595727436488,0.0,0.0059726629529954,0.0148283748862046,-0.7523797933557812,0.6585356626191996,0.1147996857762336,0.0,0.0,,,
1742481220.0975666,2547,odom,base_footprint,2.5073021630787267,1.7372994985212773,0.0,0.0054785506760389,0.015017952157534,-0.7737659101388428,0.6332699966826193,0.1291841268539428,0.0,0.0,,,
1742481221.0976152,2557,odom,base_footprint,2.480500954312175,1.6212248455124063,0.0,0.0050215226755498,0.0151768809224704,-0.7925773724951353,0.6095618762686065,0.1148529276251792,0.0,0.0,,,
1742481222.0979435,2567,odom,base_footprint,2.44295407756598,1.496050059789633,0.0,0.004559897708904,0.0153219038438518,-0.8106625516840044,0.5852954806664539,0.1435458958148956,0.0,0.0,,,
1742481223.0976222,2577,odom,base_footprint,2.397962979378783,1.3750195704447363,0.0,0.0039916851200899,0.0154796593766775,-0.831698143328939,0.5549979916851879,0.1291729062795639,0.0,0.0,,,
1742481224.097771,2587,odom,base_footprint,2.3496796706790986,1.2678202152394908,0.0,0.0035066166380702,0.0155966997877601,-0.8486145958060525,0.5287701203512984,0.1284224241971969,0.0,0.0,,,
1742481225.097883,2597,odom,base_footprint,2.288529139455433,1.153592703134212,0.0,0.0029587096403405,0.015709851742778,-0.8665976155269766,0.4987515866183835,0.1292246580123901,0.0,0.0,,,
1742481226.0981653,2607,odom,base_footprint,2.218732301944625,1.043386742263016,0.0,0.002347363060068,0.0158127572289002,-0.8852841761515793,0.4647757522149964,0.1291655153036117,0.0,0.0,,,
1742481227.097736,2617,odom,base_footprint,2.149956135106095,0.9494021093470622,0.0,0.0018977511597114,0.0158729942056224,-0.8981151664369851,0.4394698171743571,0.1293931901454925,0.0,0.0,,,
1742481228.0977466,2627,odom,base_footprint,2.0654915490847667,0.8479382167151885,0.0,0.0014164875379628,0.0159231582159666,-0.9110042539639216,0.4120871529798458,0.1294585168361663,0.0,0.0,,,
1742481229.0977156,2637,odom,base_footprint,1.9778964431927744,0.7548871948802347,0.0,0.0008886351389757,0.015961319873547,-0.9241456201617376,0.3817059668478788,0.1291547864675521,0.0,0.0,,,
1742481230.097808,2647,odom,base_footprint,1.8939564147409067,0.6751072415641273,0.0,0.0005411950085422,0.0159768743025236,-0.9322307210163698,0.3615113486250401,0.1284163892269134,0.0,0.0,,,
1742481231.097897,2657,odom,base_footprint,1.7985075586358443,0.591452575153685,0.0,0.0003144588581346,0.0159829446643117,-0.9372660494622728,0.348248366710859,0.1148377880454063,0.0,0.0,,,
1742481232.097618,2667,odom,base_footprint,1.6996524089631633,0.5108300736023397,0.0,-0.000199617816877,0.0159847914357083,-0.947978961617736,0.3179315346447336,0.1148215979337692,0.0,0.0,,,
1742481233.097788,2677,odom,base_footprint,1.6067272495260418,0.445151038234278,0.0,-0.000622844506071,0.0159738996252376,-0.9560657291693124,0.2927164052446451,0.114797867834568,0.0,0.0,,,
1742481234.0978196,2687,odom,base_footprint,1.4978484763497044,0.3749040469791609,0.0,-0.0010305465605383,0.0159527859103816,-0.9632286923565008,0.2682071188700655,0.1284201592206955,0.0,0.0,,,
1742481235.097787,2697,odom,base_footprint,1.3846996547607469,0.3117878273503498,0.0,-0.0016181907906009,0.0159039260272777,-0.972464983741812,0.2325003823382519,0.1291878521442413,0.0,0.0,,,
1742481236.0976691,2707,odom,base_footprint,1.2809001603024872,0.2630247466412276,0.0,-0.0020387785878247,0.015855497040009,-0.97828084363739,0.206666793083728,0.1291572153568267,0.0,0.0,,,
1742481237.0977166,2717,odom,base_footprint,1.2434256879595074,0.2467355920667335,0.0,0.0017324729511575,0.0158918828962907,-0.902639691119798,0.430100174850641,0.0,0.0,0.0,,,
1742481238.097763,2727,odom,base_footprint,1.2438118445194608,0.2503221493148184,0.0,-0.0096337225023186,-0.0127571468308642,0.5545623095353632,-0.8319887122035974,0.0,0.0,0.0,,,
1742481239.0977695,2737,odom,base_footprint,1.24086406635949,0.2526943977965072,0.0,-0.01445248944537,-0.0068321997443999,0.1053124362903967,-0.9943107477815862,-0.0143494568765163,0.0,0.0,,,
1742481240.0976982,2747,odom,base_footprint,1.2800288918970169,0.2736130110314438,0.0,-0.0158997976779515,-0.0016582636449357,-0.2300490262943438,-0.9730477983595772,0.1292370706796646,0.0,0.0,,,
1742481241.0975738,2757,odom,base_footprint,1.3982321654598,0.3293484236515951,0.0,-0.0158503089605922,-0.0020787280653515,-0.2042008630640791,-0.9787985389830134,0.1435317993164062,0.0,0.0,,,
1742481242.0975604,2767,odom,base_footprint,1.5198305470885485,0.3784217384046688,0.0,-0.0157801401111365,-0.0025574562730981,-0.1744858014790936,-0.9845299779456156,0.1292745172977447,0.0,0.0,,,
1742481243.0976238,2777,odom,base_footprint,1.630917253314579,0.4148182489438516,0.0,-0.0156839248339877,-0.003093203245461,-0.1408666663411722,-0.9898995679892588,0.1148488372564315,0.0,0.0,,,
1742481244.097529,2787,odom,base_footprint,1.7567262320970365,0.4457586667651498,0.0,-0.0155451809278431,-0.0037283715529076,-0.1004997147355737,-0.994808715145512,0.1435209214687347,0.0,0.0,,,
1742481245.0975995,2797,odom,base_footprint,1.8836234686984288,0.4684205939640478,0.0,-0.0154331408742457,-0.0041679212170571,-0.0722343691376309,-0.9972596293376588,0.1291567832231521,0.0,0.0,,,
1742481246.0974822,2807,odom,base_footprint,2.0004013226794624,0.4820232416387102,0.0,-0.0153043121196003,-0.0046185966550203,-0.0429657740658533,-0.9989487047142702,0.129180833697319,0.0,0.0,,,
1742481247.0978675,2817,odom,base_footprint,2.1319823355147087,0.4895946520072076,0.0,-0.0151718818506782,-0.0050366065584846,-0.015551707587498,-0.9997513274722416,0.1292203217744827,0.0,0.0,,,
1742481248.097547,2827,odom,base_footprint,2.262879548984459,0.4897835349501003,0.0,-0.0150073059026225,-0.0055076468714887,0.0156567395031418,-0.9997496881217454,0.1435553729534149,0.0,0.0,,,
1742481249.0975702,2837,odom,base_footprint,2.380186194934121,0.4820177519525987,0.0,-0.0148054043907663,-0.0060293785203605,0.0506282963664061,-0.9985896794972556,0.1141354665160179,0.0,0.0,,,
1742481250.0976157,2847,odom,base_footprint,2.511929881903197,0.4644518732675884,0.0,-0.0146283725811916,-0.0064470241306939,0.0789408487063454,-0.9967511799827068,0.142715185880661,0.0,0.0,,,
1742481251.097588,2857,odom,base_footprint,2.640220285019204,0.4395790734042997,0.0,-0.0144003923024781,-0.0069413331609019,0.1128310964006923,-0.9934856395924472,0.1148293539881706,0.0,0.0,,,
1742481252.0975893,2867,odom,base_footprint,2.7529083302738337,0.4093345516271758,0.0,-0.0141486841321764,-0.0074409772102733,0.1475257989317269,-0.9889290728060086,0.1291173845529556,0.0,0.0,,,
1742481253.0975738,2877,odom,base_footprint,2.780657152084003,0.4002447486116707,0.0,-0.0156868419223886,-0.0030783753861246,-0.1418023846872977,-0.9897659602594908,0.0,0.0,0.0,,,
1742481254.0975592,2887,odom,base_footprint,2.7777400041683347,0.3968571802677219,0.0,-0.0149954197652221,0.0055399269472345,-0.6364293341297564,-0.7711694204586637,-0.0142697775736451,0.0,0.0,,,
1742481255.097588,2897,odom,base_footprint,2.778213202001689,0.3945684252711032,0.0,-0.0107029679855201,0.0118743370685205,-0.9219197579327972,-0.3870510719847304,0.01435187458992,0.0,0.0,,,
1742481256.0975547,2907,odom,base_footprint,2.732910066466474,0.3995335949891045,0.0,-0.0062899097652271,0.0146966132037694,-0.9975398162148882,-0.0682560433761261,0.1292155534029007,0.0,0.0,,,
1742481257.0975976,2917,odom,base_footprint,2.6050104611869527,0.4215845798695765,0.0,-0.0067317946360099,0.0144995291473377,-0.99501726579852,-0.0984134805513637,0.1292462050914764,0.0,0.0,,,
1742481258.097657,2927,odom,base_footprint,2.490151321534129,0.4467099122689344,0.0,-0.0070456129213204,0.0143496600335629,-0.9926410073391418,-0.1200350071442915,0.129192903637886,0.0,0.0,,,
1742481259.0980048,2937,odom,base_footprint,2.3641236192010107,0.4820986326349343,0.0,-0.0074900188425585,0.0141227837997339,-0.9884113060490208,-0.1509558295193171,0.1435239613056183,0.0,0.0,,,
1742481260.097572,2947,odom,base_footprint,2.24127210445965,0.5211835798640583,0.0,-0.0076498371014445,0.0140368585102675,-0.986634208272533,-0.1621650747165622,0.1291903555393219,0.0,0.0,,,
1742481261.097575,2957,odom,base_footprint,2.1301813243473964,0.5629439638553313,0.0,-0.0080972353723527,0.0137836201282765,-0.9809096121401638,-0.1938063600670261,0.0998672768473625,0.0,0.0,,,
1742481262.0975325,2967,odom,base_footprint,2.0108900991768683,0.6168427833139138,0.0,-0.0085745791572175,0.0134918492725245,-0.9735274574711268,-0.2280106619024633,0.1291725635528564,0.0,0.0,,,
